Draaco Aventura,Pop Latino,66839802,http://www.bandpage.com/draacoaventura,18
Justin Bieber,Pop,124022126,http://www.justinbiebermusic.com,6
Peer van Mladen,House,84138510,http://pejaintergroup.eu/Peer_van_Mladen.html,18
Chris Janson,Country,205172525,http://www.chrisjanson.com,0
One Direction,Pop,177724419,http://www.onedirectionmusic.com/,18
Drake,Hip-Hop/Rap,266711165,http://www.drizzydrake.org/,0
Carrie Underwood,Country,188853724,http://carrieunderwoodofficial.com,18
Ed Sheeran,Singer/Songwriter,253032701,http://www.edsheeran.com/,6
Taylor Swift,Pop,232250681,http://www.TaylorSwift.com,0
Chris Brown,Pop,159500847,http://www.chrisbrownworld.com,18
Nicki Minaj,Hip-Hop,159958003,http://www.MyPinkFriday.com,0
Fifth Harmony,Pop,150974803,http://www.fifthharmonyofficial.com/home,18
Thomas Rhett ,Contemporary Country,212751643,http://www.thomasrhett.com,6
Eminem,Rap,148247916,http://www.eminem.com,18
Beyoncé,Pop,165214096,http://beyonceonline.com,0
Twenty One Pilots,Alternative,146919042,http://www.twentyonepilots.com,0
5 Seconds Of Summer,Pop/Rock,186000837,http://www.5sos.com,6
Jason Aldean,Country,247510058,http://www.JasonAldean.com,0
Luke Bryan,Contemporary Country,82306996,http://www.lukebryan.com,6
Blake Shelton,Country,225016148,http://www.blakeshelton.com,0
Rihanna,Pop,100619514,http://www.rihannanow.com,18
Elvis Presley,Rock,143367508,http://www.elvisthemusic.com,6
Ariana Grande,Pop,76849639,http://www.arianagrande.com/,6
JD Shelburne,Country,186386005,http://www.jdshelburne.com,18
Lil Wayne,Hip-Hop/Rap,125456900,http://www.youngmoney.com/,0
Demi Lovato,Pop,50490191,http://www.demilovato.com,0
Maroon 5,Pop/Rock,281020450,http://www.maroon5.com,6
George Strait,Country,136311368,http://www.georgestrait.com,0
Wiz Khalifa,Hip-Hop/Rap,47290567,http://wizkhalifa.com,18
Miranda Lambert,Country,200176624,http://www.mirandalambert.com,6
Katy Perry,Pop,25184057,http://www.katyperry.com/,18
Miley Cyrus,Pop,284015793,http://www.mileycyrus.com,6
Tim McGraw,Country,76383681,http://www.timmcgraw.com,6
The Weeknd,R&B/Soul,42053775,http://theweeknd.com,6
Macklemore & Ryan Lewis,Hip-Hop,13683821,http://www.macklemore.com,6
Ellie Goulding,Pop,244195952,http://www.elliegoulding.com,18
Michael Jackson,Pop,89757263,http://www.michaeljackson.com/,6
Rascal Flatts,Country,106969820,http://www.RascalFlatts.com,6
Britney Spears,Pop,46430522,http://britneyspears.com/,18
Zac Brown Band,Country,274774491,http://www.zacbrownband.com,18
Hearty2Raw,Hip-Hop/Rap,212862225,https://soundcloud.com/hearty2raw/whole-lotta,0
Future,Hip-Hop/Rap,67848685,http://www.futurefreebandz.com,18
Lady Antebellum,Country,297980087,http://www.ladyantebellum.com,6
Janet Jackson,R&B/Soul,267961298,http://www.janet-jackson.com/,18
Keith Urban,Country,115374316,http://www.KeithUrban.net,18
Tori Kelly,Pop/Rock,113850417,http://www.torikellymusic.com,6
2Pac,Gangsta Rap,18482818,http://www.2pac.com,6
Ciara,Pop,40480885,http://www.onlyciara.com,6
Old Dominion,Country,261720147,http://www.olddominionband.com,0
Randy Houser,Country,102957355,http://www.randyhouser.com,18
Eric Church,Country,116751573,http://www.ericchurch.com,0
Shakira,World/International,230608060,http://www.shakira.net/,18
Little Big Town,Country,167202004,http://www.littlebigtown.com/,18
Rick Ross,Hip-Hop/Rap,276204866,http://www.godforgivesidont.com/,18
Toby Keith,Country,244489060,http://www.tobykeith.com,18
Brian Collins,Country,268955784,http://www.briancollinsmusic.com,6
Sia,Pop,125488824,http://www.siamusic.net/,6
Dixie Chicks,Country,119740250,http://www.dixiechicks.com/,18
Kanye West,Hip-Hop/Rap,270855570,http://kanyewest.com,6
Shania Twain,Country,8215453,http://www.shaniatwain.com,18
Enrique Iglesias,Pop,1172238,http://www.enriqueiglesias.com/registration/default.aspx?rtn=$default.aspx!&st=3,6
Kellie Pickler,Country,208596021,http://www.kelliepickler.com,0
Kelsea Ballerini,Contemporary Country,19945776,http://www.kelseaballerini.com/,18
Lana Del Rey,Alternative,178813012,http://www.lanadelrey.com,0
Freddie Mercury,Rock,84805119,http://queen-fip.com,6
Martin Garrix,House,231005930,http://martingarrix.com,0
Brett Eldredge,Country,196170023,http://www.bretteldredge.com,6
Trey Songz,R&B/Soul,20717784,http://treysongz.com,6
Mariah Carey,Pop,217721273,http://mariahcarey.com,18
Jennifer Lopez,Pop,21860141,http://www.jenniferlopez.com/,0
Shawn Mendes,Rock,23981443,http://store.shawnmendesofficial.com/,6
Halsey,Alternative,257283262,http://iamhalsey.com,0
Kurt Stevens,Contemporary Country,75683525,https://www.youtube.com/channel/UCO3UMCzjlDIQfKNQYN5KKeA,0
R. Kelly,R&B/Soul,7139431,http://www.r-kelly.com,0
50 Cent,Hip-Hop/Rap,159424669,http://www.50cent.com/,6
Kenny Chesney,Country,236471879,http://kennychesney.com,0
Linkin Park,Alternative,105796050,http://linkinpark.com,0
Akon,Hip-Hop/Rap,90255029,http://www.akononline.com/,6
Avenged Sevenfold,Hard Rock,145620879,http://avengedsevenfold.com,0
John Legend,R&B/Soul,214975585,http://www.johnlegend.com/,0
Cole Swindell,Country,27904283,http://www.coleswindell.com/,6
Jewel,Contemporary Folk,291461644,http://Jeweljk.com,0
Chris Young,Contemporary Country,108009487,http://chrisyoungcountry.com,0
Hunter Hayes,Country,203793501,http://www.hunterhayes.com,0
Canaan Smith,Country,292265998,http://canaansmith.com,6
Madonna,Pop,250530783,http://www.madonna.com,6
Albert Phillips,Rock,80544553,http://albertphillips.wix.com/albert-phillips,6
Coldplay,Rock,33446362,http://www.coldplay.com/,6
Jay Z,Hip-Hop/Rap,282105322,http://www.jay-z.com/index.php,0
Lady Gaga,Pop,93024992,http://www.ladygaga.com,0
Iggy Azalea,Hip-Hop/Rap,108732519,http://iggyazalea.com,6
Chase Rice,Country,230922991,http://www.chaserice.com,18
Danielle Bradbery,Country,234541484,http://www.daniellebradbery.com,0
Dustin Lynch,Country,39526613,http://www.dustinlynchmusic.com,18
Kacey Musgraves,Country,274146104,http://kaceymusgraves.com,6
Alan Jackson,Country,236169991,http://www.alanjackson.com/,0
Backstreet Boys,Pop,297089406,http://backstreetboys.com/,0
The Vamps,Pop/Rock,117551416,http://www.thevamps.net/,6
Kendrick Lamar,Alternative Rap,292380392,http://www.topdawgmusic.com,6
Becky G,Pop,182900014,http://www.iambeckyg.com/,18
Josh Turner,Country,44936028,http://www.joshturner.com,0
Brad Paisley,Country,299798665,http://www.bradpaisley.com,0
Gwen Stefani,Pop,182459611,http://www.gwenstefani.com,18
Mikel Knight,Urban Cowboy,214818855,http://www.mikelknight.com,18
Rachel Platten,Pop,163868132,http://www.rachelplatten.com,18
Reba McEntire,Contemporary Country,169652298,http://www.reba.com,6
Darius Rucker,Country,284576772,http://www.dariusrucker.com,18
Florida Georgia Line,Contemporary Country,50295430,http://floridageorgialine.com,0
Barbra Streisand,Pop,126714899,http://www.barbrastreisand.com/,6
Fall Out Boy,Alternative,155028333,http://www.falloutboy.com,6
K. Michelle,R&B/Soul,197873766,http://www.thekmichelle.com,0
BLACKBEAR,R&B/Soul,133374742,http://listentoblackbear.com,6
Calvin Harris,Pop,242112449,http://www.calvinharris.co.uk,0
Jana Kramer,Country,142917466,http://www.janakramer.com,0
Kenny Rogers,Country,281836195,http://www.kennyrogers.com,0
Rita Ora,Pop,19176906,http://ritaora.com,6
TLC,R&B/Soul,280505783,http://www.legacyrecordings.com/a/#/artist/tlc/1294/,0
Aaliyah,R&B/Soul,44095094,http://www.aaliyah.com/aaliyah/default.html,0
Kirk Franklin,R&B/Soul,96453102,http://www.nunation.com/,6
Kid Rock,Rock,8572836,http://www.kidrock.com/,6
Skrillex,Electronic,100844138,http://fb.com/skrillex,6
Ed Roman,Folk-Rock,81886545,http://edroman.net/home/,18
Don Williams,Country,97030485,http://www.don-williams.com/,6
Lonestar,Alternative Country,121779378,http://lonestarnow.com,6
Nelly,Hip-Hop/Rap,240632015,http://www.nelly.net/,18
Willie Nelson,Country,252869532,http://www.willienelson.com,6
Charli XCX,Pop,118710732,http://www.charlixcxmusic.com/,18
X Ambassadors,Alternative,231087401,http://www.xambassadors.com/,0
Jessie J,Pop,267785719,http://www.jessiejofficial.com/,18
Westlife,Pop,186298953,http://www.westlife.com/global/frontpage?cmdr=ip2country.detected,0
Tinashe,R&B/Soul,299612061,http://www.tinashenow.com,18
DMX,Hip-Hop/Rap,13027146,http://www.dmx-official.com,18
Meek Mill,Hip-Hop,201028130,http://www.meekmilldreamteam.com,0
Usher,Pop,293080625,http://usherworld.com/,6
Dolly Parton,Country,93760659,http://dollypartonentertainment.com,18
Foo Fighters,Rock,260860865,http://www.foofighters.com,0
Mark Wills,Country,12790152,http://www.markwills.com/,0
Pentatonix,Pop,88595659,http://www.ptxofficial.com,0
Flo Rida,Rap,185354863,http://officialflo.com,6
Whitney Houston,Pop,110315989,http://www.whitneyhouston.com/,6
Avril Lavigne,Pop,84794043,http://www.avrillavigne.com/,0
Pharrell Williams,Pop,291404524,http://iamOTHER.com,0
Dwight Yoakam,Country,95776589,http://www.dwightyoakam.com,6
Lee Brice,Country,115155516,http://www.leebrice.com/,6
Barbara Mandrell,Country,118719615,http://www.barbara-mandrell.com/,18
YonnieMcfly,Hip-Hop/Rap,80565622,http://www.YonnieMcfly.com,0
Johnny Cash,Country,296511203,http://www.johnnycashonline.com,6
Vince Gill,Country,49584888,http://www.vincegill.com/,6
Imagine Dragons,Alternative,156828627,http://imaginedragonsmusic.com,6
Jake Owen,Contemporary Country,153916663,http://jakeowen.net,18
Martina McBride,Country,197434690,http://martinamcbride.com,0
Colt Ford,Country,103666882,http://www.coltford.com,18
Dierks Bentley,Country,31100803,http://dierks.com,6
Guns N' Roses,Rock,207677149,http://www.gnronline.com/,6
Justin Timberlake,Pop,46184054,http://www.justintimberlake.com,18
Kelly Clarkson,Pop,236920356,http://kellyclarkson.com,0
Metallica,Metal,3805635,http://www.metclub.com,6
Scotty McCreery,Country,247451643,http://www.scottymccreery.com,18
Merle Haggard,Country,191508871,http://www.countrymusichalloffame.com/inductees/merle_haggard.html,18
Alessia Cara,Pop,282652600,http://www.alessiacara.com,6
A Thousand Horses,Southern Rock,182388679,http://www.athousandhorses.com,0
Brooks & Dunn,Country,196364241,http://www.brooks-dunn.com,18
Elle King,Alternative,248436623,http://elleking.com/,18
Rod Stewart,Rock,238271962,http://www.rodstewart.com/,18
The Cadillac Three,Outlaw Country,283026623,http://www.thecadillacthree.com,0
Jacob Whitesides,Singer/Songwriter,80042927,http://www.jacobwhitesides.com,0
Ja Rule,Hip-Hop/Rap,247958450,http://www.jarule.net/,18
Lauren Alaina,Country,22614066,http://www.laurenalainaofficial.com,18
Marc Anthony,World/International,241475840,http://www.marcanthonyonline.com/,0
Tyler Farr,Contemporary Country,175175952,http://tylerfarr.com,0
Clare Dunn,Country,72638221,http://www.claredunn.com,0
Adam Lambert,Pop,170728918,http://www.adamofficial.com,0
Gary Allan,Country,46780466,http://www.garyallan.com,0
George Jones,syndicated_group_a,258793672,http://www.georgejones.com/home/index.htm,6
Krystal Keith,Country,296297921,http://www.krystalkeith.com,18
Ray Charles,Vocal Jazz,249291255,http://www.raycharles.com/,18
Red Hot Chili Peppers,Rock,67240709,http://redhotchilipeppers.com/,6
The Oak Ridge Boys,Country,145215237,http://www.oakridgeboys.com,0
Cassadee Pope,Country,134533832,http://www.cassadeepope.com/,18
August Alsina,R&B/Soul,163268204,http://www.augustalsina.com/,0
Air Supply,Pop,190591782,http://www.airsupplymusic.com/,6
Brandy,R&B/Soul,63661710,http://www.foreverbrandy.com,18
OneRepublic,Pop/Rock,30201657,http://onerepublic.net/,0
Pitbull,Pop/Rock,294562555,http://www.pitbullmusic.com,6
Robin Thicke,R&B/Soul,226551201,http://www.robinthicke.com/,6
Snoop Dogg,Hip-Hop/Rap,264642660,http://snoopdogg.com/,6
Travis Tritt,Country,120869637,http://travistritt.com/,6
Chvrches,Electronica,250085073,http://chvrch.es,6
Lorde,Alternative,236541061,http://lorde.co.nz/,6
Alison Krauss & Union Station,Bluegrass,166679519,http://www.alisonkrauss.com,0
A$AP Rocky,Hip-Hop/Rap,103089412,http://www.asapmob.com/,0
Panic! At the Disco,Alternative,74050453,http://www.panicatthedisco.com,6
Sheryl Crow,Country,39358357,http://www.sherylcrow.com,18
Trace Adkins,Country,287087547,http://www.traceadkins.com,18
Bone Thugs-n-Harmony,Hip-Hop/Rap,43258004,http://bonethugsnharmony.com/,0
David Nail,Country,120281827,http://www.davidnail.com,0
Duran Duran,New Wave,26775478,http://www.duranduran.com/,6
Wallpaper.,Pop,161167045,http://www.thisiswallpaper.com,0
Ashley Monroe,Country,135490219,http://www.ashleymonroe.com,0
Christina Aguilera,Pop,237599386,http://www.christinaaguilera.com/,0
Diana Ross,R&B/Soul,62004945,http://dianaross.com/,18
Nas,Hip-Hop,221088899,http://www.streetsdisciple.com/,6
Norah Jones,Pop,63065885,http://www.norahjones.com,18
Madelyn Victoria,Country,87162555,http://star1ent.com/madelyn-victoria,0
Alicia Keys,R&B/Soul,277233906,http://aliciakeys.com,18
Faith Hill,Country,85348522,http://www.faithhill.com,6
MGK,Rap,134418863,http://mgklaceup.com,6
Austin Mahone,Pop,32318149,http://www.AustinMahone.com,0
James Bay,Adult Alternative,18384709,https://JamesBayMusic.com/,6
Xander Demos,Metal,52684764,http://www.xanderdemos.com,6
Charlie Puth,Pop,50386652,http://www.charlieputh.com/,6
Amy Winehouse,Soul,3553067,http://www.amywinehouse.co.uk/,0
G-Eazy,Hip-Hop/Rap,266807480,http://smarturl.it/TheseThingsHappen,18
Gretchen Wilson,Country,200724174,http://www.gretchenwilson.com/,6
Mumford & Sons,Alternative,23856767,http://mumfordandsons.com,18
Nickelback,Rock,236706809,http://www.nickelback.com,0
Sara Evans,Country,225393598,http://saraevans.com/,6
Sean Paul,Reggaeton y Hip-Hop,140012098,http://www.allseanpaul.com,6
Spice Girls,Pop,256316562,http://www.spe.sony.com/movies/spiceworld/index.html,0
Train,Pop/Rock,166488787,http://www.savemesanfrancisco.com,18
Conway Twitty,Country,71727609,http://www.countrymusichalloffame.com/inductees/conway_twitty.html,18
Dr. Dre,Hip-Hop/Rap,114378485,http://www.dre2001.com/,0
Ice-T,R&B/Soul,23301916,http://www.uni-television.com/svu/html/castcrew/icet.html,0
Jennifer Nettles,Country,79785997,http://www.jennifernettles.com/,18
Lucinda Williams,Alternative Country,157127686,http://www.lucindawilliams.com,6
The Script,Pop/Rock,104935219,http://www.thescriptmusic.com/,0
Dan + Shay,Country,10142936,http://www.danandshay.com,18
Aaron Lewis,Contemporary Country,171118393,http://www.aaronlewismusic.com,18
Billy Currington,Country,223778430,http://www.billycurrington.com,6
Cher Lloyd,Teen Pop,184205887,http://www.cherlloydmusic.com/us,0
Paramore,Alternative,250904712,http://www.paramore.net,0
P!nk,Pop,196158165,http://www.pinkspage.com,0
Slipknot,Metal,270442452,http://www.slipknot1.com/,6
The Notorious B.I.G.,Hip-Hop,33375012,http://www.notoriousbig.co.uk/index.html,18
Charlie Allen,Country,235364052,http://www.charlieallenmusic.com/,6
Joe Nichols,Country,178722966,http://www.joenichols.com,0
John Anderson,Country,299590149,http://www.bobbyroberts.com/andinfo.html,6
Lil' Kim,Rap,148043419,http://www.lilkim.com/,0
Nirvana,Grunge,241368376,http://www.nirvana.com,0
Seal,R&B/Soul,147535177,http://www.seal.com/,6
The Beatles,Pop,111051333,http://www.miramax-aharddaysnight.com/,0
Céline Dion,Pop,66768196,http://www.celinedion.com/,6
Lionel Richie,Alternative,195413002,http://www.lionelrichie.co.uk/,18
Panjabi MC,Dance,177425897,http://www.pmcrecords.com,18
Randy Travis,Country,165878948,http://www.randytravis.com,6
blink-182,Rock,257547415,http://www.blink182.com/,6
Brenda Lee,Country,43926903,http://www.countrymusichalloffame.com/inductees/brenda_lee.html,0
Gene Watson,Traditional Country,8501712,http://www.genewatsonmusic.com,0
J. Cole,Hip-Hop/Rap,77352417,http://jcolemusic.com,6
James Blunt,Pop/Rock,160734350,http://www.jamesblunt.com/,0
Sara Bareilles,Singer/Songwriter,274107951,http://www.sarabmusic.com,6
Sawyer Brown,Country,273521402,http://www.sawyer-brown.com/,18
Heidi Feek,Americana,139093602,http://www.heidifeek.com,0
Alice Cooper,Rock,115357179,http://www.alicecooperstown.com,0
Ashanti,R&B/Soul,204922526,http://www.ashantimusic.net,6
Genesis,Rock,202586284,http://www.genesis-web.com/,18
Hank Williams,Country,20834224,http://www.countrymusichalloffame.com/inductees/hank_williams.html,18
Omarion,R&B/Soul,72013078,http://www.omariononline.com/,6
Shane Owens,Country,249415730,http://www.shaneowensmusic.org,0
The Mavericks,Contemporary Country,270509846,http://www.mavericksmusic.com,0
Jess Glynne,Pop,28343420,http://www.jessglynne.co.uk/,6
Electric Light Orchestra,Rock,274024632,http://www.electriclightorchestra.com/,6
Emmylou Harris,Blues/Folk,85066735,http://www.emmylou.net/,6
LeAnn Rimes,Country,11383285,http://www.leannrimesworld.com,6
Bee Gees,Disco,275698029,http://www.beegees.net/,18
Bow Wow,Hip-Hop/Rap,237718097,http://www.lilbowwow.com/,0
Cam,Country,40167250,http://camcountry.com/,6
David Allan Coe,Country,186283202,http://www.officialdavidallancoe.com/gateway.htm,0
Jake Miller,Hip-Hop/Rap,1307732,http://www.jakemiller.com,18
Lorrie Morgan,Country,158799020,http://www.lorrie.com,0
Macklemore,Hip-Hop/Rap,170081265,http://www.macklemore.com/,6
Luther Vandross,R&B/Soul,106733902,http://www.luthervandross.com,18
Major Lazer,Reggae,260460298,http://www.majorlazer.com,0
Omi,World,80656459,http://www.omimusiconline.com,0
Olivia Newton-John,Disco,79482084,http://www.olivianewton-john.com/,6
Ricky Martin,World/International,5815903,http://www.rickymartin.com/,18
Ronnie Dunn,Contemporary Country,291461270,http://www.ronniedunn.com,18
The Rolling Stones,Rock,261070949,http://www.rollingstones.com/,0
The Runaways,Rock,16855617,http://www.therunaways.com/,0
Saint Gurmeet Ram Rahim Singh Ji Insan,Praise & Worship,47875005,http://www.saintgurmeetramrahimsinghjiinsan.org,6
mako girls,Pop,49064486,http://www.makogirls.com/,0
Big Time Rush,Pop,247518053,http://www.sonymusicdigital.com/big-time-rush/btr-holiday-package/details/5729255,0
Bob Marley,Ska,48387857,http://www.bobmarley.com/,18
Bon Jovi,Rock & Roll,135692391,http://www.bonjovi.com,6
Clint Black,Country,219020319,http://www.clintblack.com,18
Fabolous,Hip-Hop/Rap,113558438,http://www.fabolous.com/,6
Jessie James Decker,Country,92914180,http://thisisjessiejames.tumblr.com/,0
Ke$ha,Pop,55239095,http://www.keshasparty.com,6
Mario,R&B/Soul,283682943,http://www.mario2u.com,0
*NSync,Pop,64890405,http://www.nsync-world.com,0
Rodney Carrington,Comedy,36036484,http://www.rodneycarrington.com,18
Toni Braxton,R&B/Soul,161244833,http://www.tonibraxton.com/,0
Marianas Trench,Pop/Rock,76122986,http://www.marianastrench.net/,18
big and rich,Country,158799476,http://www.bigandrich.com,18
Travi$ Scott,Hip-Hop/Rap,110077080,http://www.travisscott.com,18
AVANT,Soul,280443607,http://www.avantofficial.com,18
Green Day,Punk,280707611,http://www.greenday.com/,0
LL Cool J,Hip-Hop/Rap,57102799,http://www.LLCOOLJ.com,0
Meat Loaf,Rock,16110389,http://www.meatloaf-oifc.com/,18
WALK THE MOON,Alternative,19329514,http://walkthemoonband.com/,0
Jon Pardi,Alternative Country,76131687,http://www.jonpardi.com/,0
Migos,Hip-Hop/Rap,104519431,http://www.youtube.com/watch?v=FPtM9oOlg4c,0
Hozier,Acoustic Blues,112848335,http://hozier.com/,6
Ola Dips,Rap,58800048,http://ltlbinc.com/Ola-Dips,0
2 Chainz,Hip-Hop/Rap,19941897,http://2chainz.com,18
AC/DC,Rock,73082190,http://www.acdc.com,0
All Time Low,Alternative,46834897,http://alltimelow.com,6
Billie Holiday,Jazz,94331925,http://www.cmgww.com/music/holiday/,0
Bonnie Raitt,Americana,38319213,http://www.bonnieraitt.com,6
Craig Morgan,Country,197614048,http://www.craigmorgan.com,18
Disturbed,Metal,171495054,http://www.disturbed1.com/,0
Don Henley,Rock,14617140,http://www.donhenley.com/,0
French Montana,Hip-Hop,223940115,http://www.frenchmontanamusic.com,18
Gladys Knight,R&B/Soul,166576042,http://www.delafont.com/music_acts/Gladys_Knight.htm,6
GWAR,Metal,285613103,http://www.gwar.net/,18
Jason Mraz,College Rock,187099371,http://www.jasonmraz.com,6
Lee Ann Womack,Americana,102370847,http://www.leeannwomack.com/,18
Marty Stuart,Country,200736940,http://www.martyparty.com/,18
Michael Bolton,Pop,70420331,http://www.michaelbolton.com/,6
Sugarland,Country,279991028,http://www.sugarlandmusic.com,0
The Black Keys,Alternative,78751939,http://theblackkeys.com,18
Yolanda Adams,R&B/Soul,19168378,http://www.yolandaadams.org/,0
Echosmith,Alternative,288770745,http//echosmith.com,0
Anthony Hamilton,R&B/Soul,95667872,http://www.anthonyhamilton.com,18
Collective Soul,Rock,252008603,http://www.collectivesoul.com/,18
Def Leppard,British Invasion,50818839,http://www.defleppard.com,0
Ice Cube,Hip-Hop/Rap,207700777,http://www.icecubemusic.com/,0
Erykah Badu,R&B/Soul,146254042,http://www.erykahbadu.com/,6
John Mayer,Rock,119354048,http://johnmayer.com/,0
Kid Ink,Rap,25807132,http://www.kidinkmusic.com,0
Lindsay Ell,Country,269246482,http://www.lindsayell.com,6
Lynyrd Skynyrd,Southern Rock,78418363,http://lynyrdskynyrd.com,6
Mindless Behavior,Pop,213234040,http://www.mindlessbehavior.com/,18
Pistol Annies,Country,238507229,http://www.pistolannies.com,18
Rodney Atkins,Country,115759083,http://www.rodneyatkins.com,18
Shaggy,Reggae,53298903,http://shaggyonline.com/,0
T-Pain,Hip-Hop/Rap,163644122,http://www.t-pain.com,6
Tina Turner,Pop,150584384,http://www.tina-turner.com/,6
Tool,Rock,164875168,http://www.maynardjameskeenan.com/,0
Trisha Yearwood,Country,131238393,http://www.trishayearwood.com/,6
Waylon Jennings,Country,19404027,http://www.countrymusichalloffame.com/inductees/waylon_jennings.html,18
The Lacs,Alternative Country,177130542,http://www.thelacsmusic.com,6
The Chainsmokers,House,192602311,http://www.thechainsmokers.com,0
HAVIC dynasty,Hip-Hop/Rap,2949700,https://m.soundcloud.com/user986159949/do-it-like-that-thesingerjoshk-ft-havic_dynasty,6
Nick Festari,Pop,257637807,http://www.nickfestari.com,0
99,Electronic,260818526,http://Noircache.com,0
Alabama,Country,169470679,http://www.thealabamaband.com,6
Blackberry Smoke,Outlaw Country,160116559,http://www.blackberrysmoke.com,6
Busta Rhymes,Hip-Hop/Rap,4796115,http://www.bustarhymes.com/,6
David Bowie,Glam Rock,25003903,http://www.davidbowie.com,0
David Cook,Pop/Rock,151494302,http://www.davidcookofficial.com,6
Don Omar,Reggaeton y Hip-Hop,39948783,http://www.redlinkradio.com,0
Hot Chelle Rae,Pop,54696909,http://www.hotchellerae.com,6
Jessica Simpson,Pop,115742266,http://www.jessicasimpson.com/,0
Jo Dee Messina,Country,47396614,http://www.jodeemessina.com,0
Loretta Lynn,Country,262755665,http://www.countrymusichalloffame.com/inductees/loretta_lynn.html,6
Maxwell,R&B/Soul,54461597,http://www.musze.com/txt.html,18
Montgomery Gentry,Contemporary Country,147506680,http://www.montgomerygentry.com,6
Monica,R&B/Soul,12946779,http://www.monica.com,0
New Kids on the Block,Pop,290568215,http://www.nkotb.com/,6
Pink Floyd,Prog-Rock/Art Rock,58360646,http://www.pinkfloyd.co.uk/,0
Pierce the Veil,Hardcore,48654506,http://piercetheveil.net,6
Porter Wagoner,Country,267044260,http://www.countrymusichalloffame.com/inductees/porter_wagoner.html,18
Queen,Rock,175180696,http://queen-fip.com,0
Young Jeezy,Hip-Hop/Rap,199424475,http://youngjeezy.com,0
Tanya Tucker,Country,139061663,http://www.tanyatucker.com,0
The Spill Canvas,Rock,26174266,http://www.thespillcanvas.com/,6
Tom Jones,Pop,259100396,http://www.tomjones.com/,0
Whitesnake,Rock,209307818,http://www.davidcoverdale.com/index03.html,6
Will.I.Am,Pop,186990475,http://will-i-am.blackeyedpeas.com,6
Sammy Arriaga,Contemporary Country,24830277,http://www.sammyarriaga.com,6
Jacquie Lee,Pop,31814514,http://jacquieleemusic.com ,0
Aerosmith,Rock,49717027,http://www.aerosmith.com/,6
Beastie Boys,Punk,566912,http://www.beastieboys.com,0
B.o.B,Hip-Hop/Rap,97575664,http://www.bobatl.com/,6
Cee-Lo Green,R&B/Soul,255186755,http://ceelogreen.com/,18
Chris LeDoux,Country,14666188,http://www.chrisledoux.com,18
Clutch,Rock & Roll,239633927,http://www.pro-rock.com/,0
Easton Corbin,Traditional Country,273696109,http://www.EastonCorbin.com,18
Foreigner,Rock,75185289,http://www.foreigneronline.com,0
Gavin DeGraw,Singer/Songwriter,73217535,http://www.gavindegraw.com,18
Hollywood Undead,Rock,212221806,http://site.hollywoodundead.com/,6
Jerrod Niemann,Country,288281099,http://jerrodniemannofficial.com,0
Lauryn Hill,Hip-Hop/Rap,180742444,http://www.laurynhill.com/,0
Missy Elliott,Hip-Hop/Rap,209034784,http://missy-elliott.com,18
Seether,Rock,228702390,http://seether.com/,0
Tiësto,Electronic,216676741,http://www.tiesto.com,0
Thompson Square,Country,108962175,http://www.thompsonsquare.com,0
Tracy Lawrence,Country,254337404,http://www.tracylawrence.com,18
Uncle Kracker,Alternative Country,101324029,http://www.unclekracker.com,6
Casey James,Country,112941101,http://www.caseyjamesofficial.com,18
Brandon Michael,Pop,60637169,http://www.iambrandonmichael.com,18
Aretha Franklin,R&B/Soul,174165447,http://www.sodamnhappy.com/,0
Boyz II Men,R&B/Soul,149701857,http://www.biim.com/,6
Bohemia,Indian Pop,193000867,http://thepunjabirapper.com,18
Corb Lund,Alternative Country,258673889,http://www.corblund.com,0
Cyndi Lauper,Rock,288861781,http://www.cyndilauper.com/uniquecirx/home.php,0
Gorillaz,Hip-Hop/Rap,76993161,http://www.gorillaz.com/,6
Keyshia Cole,R&B/Soul,98465239,http://www.keyshiacole.com,0
Laura Bell Bundy,Country,274410300,http://www.laurabellbundy.com,18
Mac Miller,Hip-Hop/Rap,289746484,http://macmillerofficial.com,18
Ludacris,Hip-Hop/Rap,208687477,http://www.ludacris.net/,6
Mary J. Blige,R&B/Soul,1897024,http://www.mjblige.com/,0
Paris Hilton,Rock,84803807,http://www.parishiltonsite.net/,6
Tesla,Rock,218422781,http://www.teslatheband.com/,6
The Killers,Rock,165563151,http://thekillersmusic.com,18
U2,Rock,238466046,http://www.u2.com/,0
Van Halen,Classic Rock,19965187,http://www.van-halen.com/,0
ZZ Top,Rock,89005028,http://www.zztop.com,18
Alice in Chains,Alternative,144301123,http://aliceinchains.com/,0
Asking Alexandria,Hard Rock,227156850,http://askingalexandria.com/,18
Billy Ray Cyrus,Country,242754563,http://billyraycyrus.com,18
Chris Tomlin,Praise & Worship,299184604,http://www.ChrisTomlin.com,0
Daughtry,Rock,147652986,http://daughtryofficial.com/,0
Eli Young Band,Country,37341486,http://www.eliyoungband.com,6
Evanescence,Rock,270762998,http://www.evanescence.com,6
Fleetwood Mac,Rock,287982448,http://www.fleetwoodmac.com/,6
Fugees,Hip-Hop/Rap,160048078,http://www.refugeecamp.net/,6
J-Pimp,Hip-Hop/Rap,287772524,http://www.ThaPimpOfThaSouth.20m.com,6
Kelly Price,R&B/Soul,288888300,http://www.kellyprice.net/,0
Lucy Hale,Contemporary Country,33249397,http://lucyhale.com,6
Meghan Linsey,Country,115139519,http://meghanlinsey.com,18
Miguel,R&B/Soul,69223948,http://www.officialmiguel.com,18
Ne-Yo,R&B/Soul,21806620,http://www.neyothegentleman.com,0
Tech N9ne,Hip-Hop/Rap,122583818,http://therealtechn9ne.com,0
The Beautiful South,Alternative,162758453,http://www.beautifulsouth.co.uk/,6
The Cult,Rock,235692864,http://www.purecult.com/,0
Trans-Siberian Orchestra,Rock,164461859,http://www.trans-siberian.com/,18
Wale,Hip-Hop,7313050,http://www.walemusic.com/,18
John Newman,Electronic,288277471,http://johnnewman.co.uk/,6
Brooke Eden,Contemporary Country,22629424,http://www.brookeeden.com,6
Thirty Seconds to Mars,Rock,295287545,http://thirtysecondstomars.com,18
Afrojack,Dance,150750986,http://afrojack.com,18
Babyface,R&B/Soul,293776079,http://www6.islandrecords.com/site/artist_home.php?artist_id=637,6
Chuck Wicks,Country,49087745,http://www.Chuckwicks.com,6
Creed,Rock,72896735,http://www.creed.com,18
Dean Brody,Country,16274271,http://www.deanbrody.com,6
Eagles,Rock,127414414,http://eaglesband.com/,0
Hanson,Pop/Rock,32991617,http://www.hanson.net,18
Janis Joplin,Rock,74599690,http://www.janisjoplin.com/,18
Kyle Park,Contemporary Country,93861823,http://www.kylepark.com,6
Kathy Mattea,Country,224032532,http://www.mattea.com/,18
Jimmy Buffett,Classic Rock,171245146,http://margaritaville.com/,6
John Michael Montgomery,Country,274328983,http://www.johnmichael.com,0
Jonas Brothers,Pop/Rock,47007641,http://www.jonasbrothers.com,0
Julie Roberts,Americana,296109697,http://www.julieroberts.com,0
Journey,Rock,288202574,http://www.journeymusic.com,0
k.d. lang,Country,209600844,http://www.kdlang.com/,18
Love and Theft,Contemporary Country,169321446,http://www.loveandtheft.com,18
Michael Ray,Country,163404094,http://www.michaelraymusic.com/,0
Matt Stillwell,Alternative Country,124787162,http://mattstillwell.net,18
Paul McCartney,Rock & Roll,37279545,http://www.miramax-aharddaysnight.com/,0
Patty Loveless,Country,169446510,http://www.pattyloveless.com/,18
Pearl Jam,Rock,246817047,http://pearljam.com,0
Ray Price,Country,232238399,http://www.countrymusichalloffame.com/inductees/ray_price.html,6
Rhett Akins,Country,259903018,http://www.rhettakins.com/,6
Ronnie Milsap,Country,65300775,http://www.ronniemilsap.com,0
Steve Aoki,Dance,17873000,http://steveaoki.com/,18
Sting,Rock,212812585,http://www.sting.com/main.html,18
System of a Down,Rock,162913428,http://www.systemofadown.com/,18
The Fray,Rock,188758043,http://www.thefray.net/,6
Third Eye Blind,Alternative,59257820,http://www.3eb.com,18
Three Days Grace,Alternative,283993003,http://www.threedaysgrace.ca/,6
Will Smith,Hip-Hop/Rap,181526813,http://www.willsmith.com/,6
Futuristic,Hip-Hop/Rap,183737998,http://www.onlyfuturistic.com,18
Krewella,Electronic,153444113,http://www.krewella.net/,18
Andy Grammer,Pop,77533817,http://www.andygrammer.com/,0
RaeLynn,Contemporary Country,122285179,http://www.raelynnofficial.net,18
T-Ferg,Hip-Hop/Rap,212450737,http://www.itsferg.com/,18
TheRealConfidence,Rap,128229376,http://www.therealconfidence.com,18
Damien Escobar,Hip-Hop,144380010,http://www.dameesco.com,6
Ace Hood,Hip-Hop/Rap,158825250,http://acehood-online.com/,0
Armin van Buuren,Trance,245827825,http://www.arminvanbuuren.com/,18
Audioslave,Alternative,36607802,http://www.audioslave.com/,18
Brian McKnight,R&B/Soul,117949996,http://www.brian-mcknight.com/,6
Bruce Springsteen,Rock,127488673,http://www.sonymusicdigital.com/bruce-springsteen-the-promise/pages/5634215/,18
Charlie Robison,Country,90857250,http://charlierobison.com,0
Chris Stapleton,Country,79370871,http://www.chrisstapleton.com,6
Christina Perri,Pop/Rock,29569926,http://christinaperri.com ,0
Corey Smith,Alternative Country,294627372,http://www.coreysmith.com,6
Dashboard Confessional,Rock,16337035,http://dashboardconfessional.com,0
Destiny's Child,R&B/Soul,259780435,http://www.destinyschild.com/,6
Dionne Warwick,Soul,156985544,http://www.dionnewarwick.info/,6
Elton John,Pop/Rock,95821744,http://www.eltonjohn.com/,6
Five Finger Death Punch,Metal,44115564,http://www.fivefingerdeathpunch.com,6
Holly Williams,Americana,95612478,http://www.hollywilliams.com/,0
James Otto,Contemporary Country,79365824,http://www.jamesott.net,6
John Denver,Singer/Songwriter,60027506,http://johndenver.com/,0
Kate Ryan,Dance,239694078,http://www.kateryan.be,18
K-Ci & JoJo,R&B/Soul,251991768,http://www.kciandjojo.com/,6
Kiss,Rock,26985243,http://www.kissonline.com/,6
Lalah Hathaway,R&B,170278299,http://www.lalahhathaway.com/,0
Led Zeppelin,Rock,114792654,http://www.ledzeppelin.com/,6
Michael Bublé,Easy Listening,199709011,http://www.michaelbuble.com/splash,18
Nelly Furtado,Pop,105772118,http://www.nellyfurtado.com/,6
Pusha T,Hip-Hop/Rap,108627712,http://pusha-t.com/,18
Rachel Potter,Contemporary Country,86734477,http://rachelpottermusic.com,0
Raheem DeVaughn,R&B/Soul,215408363,http://www.raheemdevaughn.com,6
Rhonda Vincent,Country,170409580,http://www.rhondavincent.com,18
Robert Plant,Rock,16551546,http://www.robertplant.com,0
Shinedown,Rock,98567540,http://shinedown.com,6
Smokey Robinson,R&B/Soul,278283586,http://www.smokeyrobinson.net/,0
Terri Clark,Country,290116901,http://www.TerriClark.com,18
The Grascals,Bluegrass,246052974,http://grascals.com/,18
Tamar Braxton,Contemporary R&B,177747093,http://www.tamarbraxton.com,18
RACING SONGS,Country,157389574,http://RACING-SONGS.com,0
BANKS,Alternative,226293640,http://hernameisbanks.com,0
Zack Knight,Contemporary R&B,295189159,http://www.iamzackknight.com,0
Curtis Braly,Contemporary Country,181508373,http://www.curtisbraly.com,18
Lacy Cavalier,Country,119970524,http://www.lacycavaliermusic.com,0
Chase Bryant,Country,261782971,http://www.chasebryant.com,18
Karen Waldrup,Country,112439518,http://www.karenwaldrup.com,0
Bank Notes,Hip-Hop/Rap,18941878,http://reverbnation.com/notez1,18
Amerie,R&B/Soul,121757045,http://amerie.net/,6
Billy Dean,Country,14411233,http://www.billydean.com/,0
Black Sabbath,Metal,79048061,http://www.blacksabbath.com/,18
Boys Like Girls,Rock,234547239,http://www.boyslikegirls.com/us/home,18
Duffy,Rock,96693630,http://www.iamduffy.com/,18
George Michael,Pop/Rock,282103419,http://www.georgemichael.com/,6
Kelleigh Bannen,Contemporary Country,119903293,http://www.kelleighbannen.com,6
Korn,Alternative,52197476,http://www.korn.com,0
Lykke Li,Pop/Rock,65050628,http://www.lykkeli.com,18
MAX,Pop/Rock,137180503,http://saymaxohhh.com,0
Natasha Bedingfield,Pop,83368912,http://www.natashabedingfield.com,18
Nikki Lane,Outlaw Country,139051304,http://nikkilane.com/,0
Phil Vassar,Country,163477220,http://www.philvassar.com,0
Rammstein,Rock,224070062,http://www.Rammstein.com/,18
Richard Marx,Adult Contemporary,55044894,http://www.richardmarx.com,0
Ryan Adams,Alternative Country,105819973,http://www.paxamrecords.com,6
Silverchair,Rock,189228120,http://www.chairpage.com/,0
Styx,Alternative,15838838,http://www.styxworld.com/,18
The Wanted,Pop,293815428,http://www.thewantedmusic.com,0
Tracy Byrd,Country,134107629,http://www.tracybyrd.com/,18
Cinderella,Rock,201593569,http://www.cinderella.net/,6
The 1975,Indie Rock,68573336,http://the1975.com,0
Tom Odell,Alternative,10091537,http://www.tomodell.com/us/home,18
Sundy Best,Country,43637510,http://www.sundybest.net,0
Keith Walker,Contemporary Country,13154437,http://www.keithwalker.net,6
a-ha,Rock,13394510,http://a-ha.com/,18
Aaron Watson,Country,103323845,http://www.aaronwatson.com,18
Azealia Banks,Rap,125816494,http://www.azealiabanks.com,6
Beenie Man,Dancehall,11003314,http://www.djblackcooli.co.uk,0
Bilal,Soul,169195521,http://www.bilalmusic.com,6
Bob Seger,Rock,4025747,http://hollywoodandvine.com/bobseger/index.shtml,6
Bobby Bare,Country,264276319,http://www.bobbybare.net/,6
Caitlyn Smith,Country,5940781,http://www.caitlynsmith.com,0
Cher,Pop,225347515,http://cher.com/,0
Collin Raye,Country,104243426,http://www.collinraye.com/,6
Cobra Starship,Alternative,86202137,http://www.cobrastarship.com,18
Daft Punk,Dance,78121198,http://randomaccessmemories.com,18
Diplo,Dance,179539896,http://diplo.com/,0
Fantasia,R&B/Soul,270028023,http://www.fantasiaofficial.com/,18
Fergie,Electronic/Dance,256332729,http://fergie.blackeyedpeas.com/,0
Frankie Ballard,Country,109352341,http://www.frankieballard.com,6
fun.,Alternative,220415121,http://www.ournameisfun.com,6
The Gibson Brothers,Bluegrass,32349208,http://www.gibsonbrothers.com/,18
Hilary Duff,Pop,2747749,http://hilaryduff.com/,18
Joe Thomas,R&B/Soul,281415972,http://www.kedar.com/,0
Jessica Andrews,Country,245857499,http://www.JessicaAndrews.com/,6
Jessie Ware,Pop,261140192,http://jessieware.com/,0
Jethro Tull,Rock,3575726,http://www.j-tull.com/,0
John Conlee,Country,56316758,http://www.johnconlee.com,0
Juicy J,Hip-Hop/Rap,173365954,http://therealjuicyj.com,6
Leona Lewis,Rock,295099539,http://www.leonalewismusic.co.uk/index.php/index,0
Lyle Lovett,Country,17537656,http://lylelovett.com/,0
Mandy Barnett,Traditional Country,34547805,http://www.MandyBarnett.com,0
Marco Antonio Solís,World/International,16580112,http://www.marcomusic.com/,0
Mary Mary,R&B/Soul,259104286,http://www.mary-mary.com/,0
Newsboys,Christian & Gospel,88325180,http://www.newsboys.com,0
Nicole Scherzinger,Rock,58912830,http://www.hernameisnicole.com/,6
Pat Benatar,Rock,174553360,http://benatar.com/,0
Paulina Rubio,Pop,232420083,http://www.paulinarubio.com,0
Shawn Mullins,Rock,173407393,http://www.shawnmullins.com/,0
SHeDAISY,Country,224807912,http://www.shedaisy.com/,0
Shelby Lynne,Americana,60528863,http://www.shelbylynne.com,18
Simple Plan,Pop/Rock,195120028,http://www.simpleplan.com/,0
Soundgarden,Rock,169808592,http://www.soundgardenworld.com,0
The Beach Boys,Rock,295764932,http://www.brianwilson.com/,6
The Cranberries,Rock,80288077,http://www.cranberries.ie/,18
The Cure,College Rock,53137908,http://www.thecure.com/,18
The Isley Brothers,R&B/Soul,114723243,http://www.theisleybrothers.net/,18
The Smashing Pumpkins,Alternative,260440917,http://www.smashingpumpkins.com,6
UB40,Reggae,29524664,http://www.ub40-dep.com/,0
William Fitzsimmons,Contemporary Folk,232884766,http://www.williamfitzsimmons.com/,18
Alabama Shakes,Rock,125155310,http://www.alabamashakes.com,18
Haze Da Punter,Hip-Hop,150363864,http://www.hazedapunter.com,18
Nico & Vinz,Pop,1572159,http://nicoandvinz.com/,18
Alanis Morissette,Pop/Rock,77479939,http://alanis.com,6
Anita Baker,Soul,46122929,http://www.anitabaker.com/,18
Angie Stone,R&B/Soul,150042892,http://www.angiestoneonline.net/,0
Bad Company,Classic Rock,200494011,http://www.bad-company.com/,18
Big Punisher,Hip-Hop/Rap,49367717,http://www.bigpunforever.com/,0
Brett Young,Contemporary Country,294065272,http://www.brettyoungmusic.com,6
Casey Donahew Band,Country,218790515,http://www.caseydonahewband.com,18
Chely Wright,Country,107288283,http://www.chely.com/,18
Christina Milian,R&B/Soul,85122863,http://christinamilian.com,18
Colbie Caillat,Pop,112501513,http://www.colbiecaillatmusic.com/,18
Craig Campbell,Country,111258594,http://www.craigcampbell.tv,18
Crystal Gayle,Country,299879196,http://www.crystalgayle.com,18
Culture Club,New Wave,121878283,http://www.culture-club.co.uk/,6
D12,Hip-Hop,154628978,http://www.d12online.com/,0
Empire of the Sun,Alternative,36496178,http://empireofthesun.com,18
Faith Evans,R&B/Soul,33332163,http://www.faithevansmusic.com,18
Fat Joe,Hip-Hop/Rap,86015935,http://www.fat-joe.com/,0
Frank Ocean,Hip-Hop/Rap,82334151,http://frankocean.com/,0
Gloria Estefan,World/International,77163808,http://www.gloriaestefan.com/,18
Harry Connick Jr.,Jazz,29781986,http://www.harryconnickjr.com/,6
Jeff Greenleaf,Instrumental,154953993,http://Jeffgreenleaf.com,18
Jim Lauderdale,Country,175940718,http://jimlauderdale.com/,0
Jim Reeves,Country,32940083,http://www.countrymusichalloffame.com/inductees/jim_reeves.html,18
Jill Scott,R&B/Soul,189680418,http://www.jillscott.com/,18
Jon B.,Hip-Hop/Rap,92755399,http://www.jonbmusic.com/,0
Katharine McPhee,Pop,21777529,http://katharinemcphee.com/,18
Julyo,World,264444854,http://julyo.net/,6
Keane,Alternative,144343808,http://www.keanemusic.com/,18
Mastodon,Metal,227600438,http://mastodonrocks.com,0
matchbox twenty,Rock,81534734,http://matchboxtwenty.com,18
Mystikal,Hip-Hop/Rap,204919620,http://www.angelfire.com/mi2/mystikalfan/frames.html,18
Nick Carter,Pop,232833399,http://popdirt.com/nick-carters-official-website/6206/,18
Papa Roach,Rock,187222458,http://www.paparoach.com,18
Robin Lee Field,Singer/Songwriter,18241314,http://www.robinleefield.com,6
Rosanne Cash,Country,190261380,http://www.rosannecash.com/,18
Scorpions,Rock,60385588,http://www.the-scorpions.com,0
Stevie Wonder,R&B/Soul,201251541,http://www.stevie-wonder.net/,6
Steve Wariner,Country,259162551,http://www.stevewariner.com/,18
The Swon Brothers,Country,200721971,http://www.swonbrothers.com,0
Tim Dugger,Country,105765031,http://timdugger.com/,6
Tracy Chapman,Rock,241117563,http://www.tracychapman.com/,0
Too Short,Hip-Hop/Rap,236748457,http://www.tooshortworld.com/,18
Trina,Hip Hop,150740509,http://trinafan.com/,18
Vern Gosdin,Traditional Country,193911510,http://thevoiceofcountrymusic.com,0
Waka Flocka Flame,Rap,270095544,http://wakaflockabsm.com/,6
Phillip Phillips,Rock,254247969,http://www.phillipphillips.com/,0
Branch and Dean,Country,145051269,http://www.BranchAndDean.com,6
Martin Kimble,Alternative,10628021,http://www.reverbnation.com/martinkimble,18
Christopher Thomas Holt,Contemporary Country,121209330,http://ChrisHoltMusic.com,6
TheRockTheDance,House,286102030,http://www.youtube.com/user/therockthedance,6
Gxx,Dirty South,56482637,http://forevertimelessmusic.com,6
Chance the Rapper,Hip-Hop/Rap,27782507,http://www.ChanceRaps.com,18
Mike Ryan,Traditional Country,180586777,http://www.MikeRyanBand.com,0
Rawyals,R&B/Soul,147084030,http://massenburgmedia.com,6
NDMA,IDM/Experimental,237774902,http://www.ndmamusic.com,6
yasmeen williams,Gospel,110797300,http://www.yasmeensummermusic.com,18
112,R&B/Soul,18063930,http://www.defsoul.com/112/,0
3 Doors Down,Rock,222239819,http://www.3doorsdown.com,6
3OH!3,Alternative,17369825,http://3oh3music.com,18
Angus & Julia Stone,Alternative Folk,121689861,http://www.angusandjuliastone.com/,6
Ashlee Simpson,Pop,135010282,http://www.ashleesimpsonmusic.com/,0
Barry Manilow,Adult Contemporary,299274273,http://www.manilow.com,18
Birdman,Hip-Hop/Rap,190805667,http://birdmanstunna.com/,18
Billy Gilman,Country,100656425,http://www.billygilman.com/,0
Bob Dylan,Rock,263193116,http://www.sonymusicdigital.com/bobdylan/collector-s-lp-combo-pack-the-bootleg-series-vol-9-plus-the-original-mono-recordings-on-vinyl-/details/5625914,0
Chayanne,World/International,247418947,http://www.Chayanne.net/,6
Charlie Worsham,Country,27687336,http://www.charlieworsham.com,18
Chet Atkins,Country,296847791,http://www.countrymusichalloffame.com/inductees/chet_atkins.html,6
Charley Pride,Country,277980886,http://www.countrymusichalloffame.com/inductees/charley_pride.html,0
Chrisette Michele,Hip-Hop,167733193,http://www.chrisettemichele.com/,6
Chris Cagle,Country,25973705,http://www.chriscagle.com,18
Clay Walker,Country,54017142,http://www.claywalker.com/,0
Dan Seals,Country,19816872,http://www.delafont.com/music_acts/Dan-Seals.htm,6
Death Cab for Cutie,Alternative,175561708,http://www.deathcabforcutie.com/,18
Diamond Rio,Country,227331459,http://www.diamondrio.com/,6
Dido,Alternative,147714650,http://www.didomusic.com/htmlsite/index.htm,18
Dru Hill,R&B/Soul,190355727,http://www.druhill.net/,6
Emeli Sandé,Pop,2717098,http://www.emelisande.com,18
Etta James,R&B/Soul,298150096,http://www.etta-james.com/,6
Frank Sinatra,Jazz,219628495,http://www.franksinatra.com/,18
Granger Smith,Country,242760872,http://www.GrangerSmith.com,0
Hank Snow,Country,160671783,http://www.hanksnow.com/,0
Heavy Young Heathens,Alternative,236765322,http://www.heavyyoungheathens.com,0
Hoyt Axton,Country,223318044,http://www.sixcats.com/axton/hoyt.htm,18
Jack White,Rock,201509593,http://jackwhiteiii.com,6
India.Arie,R&B/Soul,53726881,http://www.indiaarie.com/,0
INXS,Rock,112590307,http://www.inxs.com/,0
Jeremy Camp,Christian & Gospel,151214712,http://JeremyCamp.com,6
Kylie Minogue,Pop,251489745,http://www.kylie.com/,6
Jimi Hendrix,Rock,198008659,http://www.jimihendrix.com,0
Jim Croce,Pop,88435586,http://www.jimcroce.com/,0
John Fogerty,Rock & Roll,143289771,http://johnfogerty.com,6
John Berry,Country,36285467,http://www.johnberry.net/,0
Leonard Cohen,Folk-Rock,49712576,http://www.leonardcohen.com/,6
Lenny Kravitz,Alternative,24432763,http://www.lennykravitz.com/,6
Lucero,Alternative Country,43644824,http://www.luceromusic.com/site/,6
Mat Kearney,Singer/Songwriter,236599044,http://www.matkearney.com/,0
Michael W. Smith,Christian & Gospel,30532452,http://www.michaelwsmith.com,18
Nat King Cole,Jazz,132010609,http://www.nat-king-cole.org/,0
Noah and the Whale,Rock,287292077,http://noahandthewhale.com/,6
No Doubt,Pop,25858569,http://www.nodoubt.com,18
Nina Simone,Soul,114745197,http://www.ninasimone.com,6
Oasis,Alternative,101242698,http://www.oasisinet.com/,6
Olly Murs,Pop,25657143,http://www.ollymurs.com,0
OutKast,Hip-Hop/Rap,137944620,http://www.outkast.com/,0
Pantera,Metal,282354032,http://www.pantera.com,18
Ray LaMontagne,Folk-Rock,235718109,http://www.raylamontagne.com,6
Radiohead,Rock,142502615,http://www.radiohead.com,18
Ricky Van Shelton,Country,228224325,http://www.rickyvanshelton.com/,6
Ronnie James Dio,Rock,247718152,http://www.ronniejamesdio.com/,18
Sammy Kershaw,Country,218151041,http://www.sammykershaw.com/,6
Santana,Rock,188197603,http://www.santana.de/,18
Sarah Brightman,Pop,41590642,http://www.sarah-brightman.com/,0
Sepultura,Rock,16708360,http://www.sepultura.com.br/,6
Sleeping With Sirens,Pop/Rock,226048724,http://www.sleepingwithsirens.net,6
Stray Cats,Rock,282287379,http://www.briansetzer.com/,6
Suzy Bogguss,Country,94337737,http://www.bogguss.com/,0
t.A.T.u.,Pop,111466412,http://www.tatugirls.com/default.aspx,0
Taking Back Sunday,Rock,209917308,http://www.takingbacksunday.com/,0
Tears for Fears,Pop,48879267,http://tearsforfears.com,6
Tennessee Ernie Ford,Country,293980629,http://www.countrymusichalloffame.com/inductees/tenn_ernie_ford.html,6
The Avett Brothers,Rock,52217501,http://www.theavettbrothers.com,6
The All-American Rejects,Pop,213872190,http://www.allamericanrejects.com/,18
The Statler Brothers,Country,93469764,http://www.statlerbrothers.com,0
The Nitty Gritty Dirt Band,Rock,66450986,http://www.nittygritty.com/,6
Three Dog Night,American Trad Rock,287267726,http://www.threedognight.com/,0
Tom Petty & The Heartbreakers,Rock,230337253,http://www.tompetty.com/,18
We Are The In Crowd,Pop/Rock,33556864,http://www.wearetheincrowd.com/,0
Bill Anderson,Traditional Country,140277940,http://www.countrymusichalloffame.com/inductees/bill_anderson.html,6
Wynonna,Country,103787172,http://www.wynonna.com/,6
Alt-J,Indie Rock,238193598,http://altjband.com/,18
Farruko,Reggaeton y Hip-Hop,162370806,http://www.farruko.com,18
DJ Kasualmadness,Electronic,197580662,http://www.promodj.com/djkasualmadness,6
A Great Big World,Pop,292739851,http://agreatbigworld.com/,0
Petey Joe Kush,Hip-Hop/Rap,153572063,http://peteyjoekush.com/,0
AGER,Underground Rap,138338953,http://violentlysick.bandcamp.com/,18
Los De La T,Pop Latino,38640879,http://www.losdelat.co,6
Asleep at the Wheel,Traditional Country,38699254,http://www.asleepatthewheel.com,18
The Fat Boys,Hip-Hop/Rap,173229803,http://www.originalfatboys.com/,6
Jon Bon Jovi,Alternative,211722752,http://google,6
CeCe Winans,R&B/Soul,174654374,http://www.cecewinansmusic.com/,18
Cerrito,Country,52957414,http://cerritomusic.squarespace.com/,6
Charlie Daniels,Country,164355238,http://www.charliedaniels.com/,18
Cliff Richard,Classic Rock,247124428,http://www.cliffrichard.org/,18
Chris Rea,Classic Rock,6829209,http://www.chrisrea.com/biography.aspx,6
Christian Kane,Country,178770887,http://www.christiankane.com,0
Cypress Hill,Hip-Hop/Rap,202394753,http://www.sonymusic.com/artists/CypressHill/,0
Danity Kane,Alternative,102275903,http://www.danitykane.com/,18
Deana Carter,Contemporary Country,167512029,http://www.deana.com,18
Diamond Rings,Alternative,138245831,http://diamondringsmusic.com/,18
DJ Mustard,Hip-Hop,161309381,http://djmustardonthebeat.com,0
DJ Rap,Dance,216077646,http://www.djrap.com,18
Ed Bruce,Country,75965640,http://edbrucemusic.com,6
Dottie West,Country,56364678,http:// http://www.westhouseonline.com,6
Eddy Arnold,Country,190431900,http://www.countrymusichalloffame.com/inductees/eddy_arnold.html,6
Erasure,House,183780888,http://www.erasureinfo.com/,0
Freddy Fender,Country,72393839,http://www.freddyfender.com/,6
Glen Campbell,Country,153996866,http://www.glencampbellshow.com/,18
Great White,Blues-Rock,114749980,http://www.officialgreatwhite.com,6
Heart,Rock,27485967,http://www.heart-music.com,6
Jefferson Airplane,Rock,140024988,http://www.jeffersonairplane.com/,18
Jerry Jeff Walker,Country,225072440,http://www.jerryjeff.com/,18
Joss Stone,Soul,121460631,http://www.jossstone.com/,18
Justin Adams,Contemporary Country,91983083,http://www.JustinAdamsCountry.com,0
Keri Hilson,Contemporary R&B,221176864,http://www.kerihilson.com/,6
Keith Richards,Rock,20689930,http://www.keithrichards.com,6
Kelly Rowland,R&B/Soul,51153934,http://www.kellyrowland.com,6
Kenny G,Jazz,82381376,http://www.kennyg.com/,6
Kevin Fowler,Country,170959300,http://www.kevinfowler.com,18
Kindred the Family Soul,R&B/Soul,234534312,http://www.kindredthefamilysoul.com,18
KRS-One,Hip-Hop/Rap,159518558,http://www.krs-one.com/,18
Laura Pausini,VH1 Celebrity,149541219,http://www.laurapausini.com,18
Lifehouse,Pop/Rock,13000158,http://lifehouse.com,6
Lila McCann,Country,238987568,http://www.lilafans.com/,18
LOCASH,Contemporary Country,285402785,http://www.locashcowboys.com,6
Megadeth,Metal,71401682,http://www.megadeth.com,0
Miranda Cosgrove,Rock,256187668,http://www.nick.com/shows/icarly,0
Mighty Clouds of Joy,R&B/Soul,162074886,http://www.imnworld.com/joy.html,6
Mick Jagger,Rock,152839349,http://www.mickjagger.com/,6
Michelle Branch,Pop,192571854,http://www.michellebranch.com/,18
Milli Vanilli,Pop,205415302,http://giologic.com/fabrice/,0
Morgan Heritage,Reggae,242616883,http://morganheritagemusic.com,0
NewSong,Christian Pop,271631473,http://www.newsongonline.com,0
Ozzy Osbourne,Rock,58951362,http://ozzy.com/,0
Passenger,Alternative Folk,139186281,http://passengermusic.com/,18
Pat Green,Country,217325675,http://www.patgreen.com,6
Parmalee,Country,16839379,http://www.parmalee.com,6
Plies,Rap,287883256,http://pliesworld.com,18
Radney Foster,Country,297542615,http://www.radneyfoster.com,18
Rage Against the Machine,Rock,133605007,http://www.ratm.com,6
Real Money,Hip-Hop/Rap,51678151,http://www.reverbnation.com/callmereal,6
Rick Astley,Pop,238557927,http://www.rickastley.co.uk/,0
Rob Thomas,Rock,134036942,http://robthomasmusic.com,6
Roxette,Pop/Rock,152760728,http://www.roxette.se,0
Roy Clark,Country,196251552,http://www.roy-clark.com/,0
Roy Orbison,Rock,101799190,http://www.royorbison.com,18
Ruthie Collins,Country,156531609,http://ruthiecollinsmusic.com/,18
Sean Kingston,Hip-Hop/Rap,297277525,http://www.seankingston.com/,6
Simply Red,Soul,112399552,http://www.simplyred.com/,0
Snow Patrol,Rock,187135107,http://www.snowpatrol.com/,0
Soul Asylum,Alternative,145465437,http://www.soulasylum.com,6
Steve Earle,Folk-Rock,93369216,http://Steveearle.com,0
Swedish House Mafia,Dance,248448788,http://swedishhousemafia.com,6
Tank,R&B/Soul,170797035,http://www.therealtank.com,6
The Bloody Beetroots,Electronic,107172303,http://www.thebloodybeetrootsofficial.com/,6
The Corrs,Pop,227461006,http://www.thecorrswebsite.com/,0
The Fabulous Thunderbirds,Blues/Folk,136563530,http://www.delafont.com/music_acts/Fabulous-Thunderbirds.htm,0
The Smiths,Rock,9316777,http://www.askmeaskmeaskme.com/,0
Timeflies,Electronic,1841929,http://timefliesmusic.com/,18
Type O Negative,Metal,238266387,http://typeonegative.net/,18
Wu-Tang Clan,Hip-Hop,275246811,http://www.WutangClan.com,0
Zakk Wylde,Rock,128143794,http://www.zakkwylde.com/,6
Ben Howard,Contemporary Singer/Songwriter,20595703,http://www.benhowardmusic.co.uk/,6
Hugh Bob and The Hustle,Alternative Country,199422655,http://www.hughbobandthehustle.com,0
Sturgill Simpson,Country,83068452,http://www.sturgillsimpson.com,6
Nate Ruess,Pop,15541737,http://nateruess.com/,6
Galantis,Electronic,274446212,http://wearegalantis.com,0
Onur Özsu,Pop,212356048,http://www.onurozsu.com,18
Problem OTC,Hip-Hop/Rap,41911732,http://www.problemotc.com,18
Ronny Jordan Flow,Hip-Hop,187122577,http://Youtube.com/RonnyJordanHD,0
Shanna Henderson,Contemporary Country,39983673,http://www.shannahendersonmusic.com,6
NAZERETH LOVE JONES,Blues-Rock,239089104,http://www.jango.com/stations/361454923/tunein,6
Devonte Riley,R&B/Soul,261565897,http://www.devonteriley.com,18
Elmedyn,Electronic,141106391,https://soundcloud.com/elmedyn,6
A Rocket to the Moon,Rock,4550823,http://www.arockettothemoon.net/,18
Aaron & Amanda Crabb,Country Gospel,51019678,http://www.differencemedia.org,6
Black Eyed Peas,Hip-Hop/Rap,180176548,http://www.blackeyedpeas.com/,0
Avery Sunshine,R&B/Soul,166446020,http://www.AverySunshine,0
B2K,Hip-Hop/Rap,229340825,http://www.b2klovesyou.com/,6
Baby Bash,Hip-Hop,250070477,http://bashtown.com/,0
Bill Medley,Soul,209672474,http://www.billmedley.com/,6
Björk,Rock,291958463,http://www.bjork.com/,6
Bloc Party,Indie Rock,24022487,http://blocparty.com/,0
Brian Davis,Alternative Country,534231,http://www.briandavislive.com,6
Chuck Berry,Rock,150974441,http://www.cmgww.com/music/berry/index.html,0
Cledus T. Judd,Country,223626570,http://www.cledustjudd.net/,6
Coal Chamber,Rock,145103789,http://coalchamber.com/,0
Cowboy Troy,Country,141530860,http://www.cowboytroy.com/,0
Cream,Rock,39489945,http://www.jackbruce.com/,6
Darryl Worley,Country,24338886,http://www.darrylworley.com/,18
Daryl Hall,Soul,117575423,http://www.hallandoates.com/,0
David Ball,Country,179329138,http://www.DavidBall.com/,6
Delbert McClinton,Blues/Folk,69146122,http://www.delbert.com,18
Diana Krall,Jazz,273437854,http://www.dianakrall.com/,6
Donna Summer,Disco,177305504,http://www.donnasummer.com/welcome.php,6
Drake Bell,Pop/Rock,87738167,http://www.drakebell.com,18
Everlast,Singer/Songwriter,268897063,http://www.martyr-inc.com,18
Faron Young,Country,211591296,http://www.countrymusichalloffame.com/inductees/faron_young.html,6
Fiona Apple,Pop,150862545,http://www.fiona-apple.com/,18
Foy Vance,Contemporary Singer/Songwriter,64762107,http://www.foyvance.com,0
Garbage,Rock,271531848,http://www.garbage.com/,18
Gene Autry,Country,49773144,http://www.geneautry.com,6
Grace Potter & the Nocturnals,Rock,271167391,http://www.gracepotter.com,0
Halestorm,Rock,101390020,http://www.halestormrocks.com/,18
Hammer,Hip-Hop/Rap,183862766,http://www.mchammer.com/,6
Huey Lewis,Pop,82651502,http://www.hln.org/,0
Israel Vibration,Reggae,216533810,http://www.israelvibration.com/,6
Jack Johnson,Alternative Folk,285647401,http://jackjohnson.com/,0
James King,Hip-Hop/Rap,6864404,http://www.reverbnation.com/james79,18
Jake Bugg,Rock,142852896,http://jakebugg.com,6
Jerry Rivera,World/International,111088370,http://www.jerryrivera.com,0
Jimmy Page,Rock,236821308,http://www.ledzeppelin.com/,6
John Prine,Pop,137464193,http://www.jpshrine.org/,6
John Mellencamp,Rock & Roll,48075909,http://www.mellencamp.com/welcome.html,6
Judy Collins,Blues/Folk,229040463,http://www.judycollins.com/,18
Karmin,Teen Pop,18945959,http://www.karminmusic.com,18
Katie Melua,Easy Listening/Vocal,132237184,http://www.katiemelua.com/,0
Keke Palmer,R&B/Soul,177575967,http://www.kekepalmer.com,18
KT Tunstall,Rock,228302848,http://www.kttunstall.com/,0
Limp Bizkit,Alternative,139534912,http://www.limp-bizkit.com/,0
Liz Phair,Rock,61221910,http://www.lizphair.com/,6
Live,Rock,39117038,http://www.Freaks4LIVE.com,0
Los Lonely Boys,Rock,617900,http://www.loslonelyboys.org,0
Macy Gray,Hip-Hop/Rap,150742360,http://www.macygray.com/,0
The Lumineers,Folk-Rock,260038376,http://www.thelumineers.com,0
Lupe Fiasco,Hip-Hop/Rap,87443580,http://www.lupefiasco.com,18
Mack 10,Hip-Hop/Rap,277665515,http://www.mack-10.com/,18
Marty Robbins,Country,73640650,http://www.countrymusichalloffame.com/inductees/marty_robbins.html,0
Megha Maan,Hip-Hop/Rap,282220410,http://www.reverbnation.com/meghamaan,0
Mickey Gilley,Country,128775289,http://www.gilleys.com/,18
Motion City Soundtrack,Rock,280501034,http://www.motioncitysoundtrack.com/,18
Neal McCoy,Country,170617602,http://www.nealmccoy.com/,0
Neon Trees,Alternative,188442290,http://www.fameisdead.com,0
Nonpoint,Metal,170380185,http://www.nonpoint.com/,0
Passion Pit,Alternative,80045723,http://passionpitmusic.com/,6
Patsy Cline,Country,279891583,http://www.countrymusichalloffame.com/inductees/patsy_cline.html,0
Pepe Aguilar,Regional Mexicano,238063797,http://www.pepeaguilar.com.mx,6
Play,Pop,78404030,http://www.play-central.com/,0
Rehab,Hip-Hop/Rap,79501931,http://www.rehabmusic.com/index.php?option=com_content&view=frontpage,18
R.E.M.,Rock,191110685,http://www.remhq.com/,18
Restless Heart,Country,136278072,http://www.restlessheartband.com,0
Rodney Crowell,Americana,275953790,http://rodneycrowell.com,6
Robbie Williams,Pop,225235548,http://www.robbiewilliams.com,0
Rose Falcon,Country,231615517,http://www.rosefalcon.com,0
Selena,World/International,114216614,http://www.selena.org/,18
Sierra Hull,Americana,141709271,http://www.sierrahull.com,0
Sixx:A.M.,Rock,205836006,http://www.sixxammusic.com/,18
Sisqó,Contemporary R&B,238524965,http://www.sisqo.com/,0
Steve Holy,Contemporary Country,221934143,http://www.SteveHoly.com,6
T. Graham Brown,Country,185543263,http://www.tgrahambrown.com,6
The Black Crowes,Rock,215865004,http://www.blackcrowes.com/2010/,18
The Calling,My Super Sweet 16,15044061,http://www.thecallingband.com/,0
The Mamas & The Papas,Rock,251688281,http://www.mamasandpapas.com/,0
The Walkmen,Alternative,179807100,http://www.thewalkmen.com,0
Theory of a Deadman,Rock,266039500,http://theoryofadeadman.com,0
Tony Bennett,Standards,37749637,https://tonybennett.com,18
Trick Pony,Country,125019500,http://www.trickpony.com/,18
Travis Barker,Hip-Hop/Rap,157775976,http://TravisBarker.com,6
Vampire Weekend,Indie Rock,115627602,http://www.vampireweekend.com/,6
Vonda Shepard,R&B/Soul,98402882,http://www.vesperalley.com/,6
Wanda Jackson,Country,30022796,http://www.wandajackson.com,18
AM,Alternative,55637966,http://www.amsounds.com,6
Phoenix,Alternative,18002813,http://wearephoenix.com,0
MC Kash,Hip-Hop/Rap,144585647,http://www.mckashofficial.com,18
Jessta James,Country,144616445,http://www.jesstajames.com,0
MKTO,Pop,203516928,http://www.wearemkto.com,6
Morgan Frazier,Country,13998864,http://morganfraziermusic.com/,18
R5,Pop/Rock,272792244,http://www.r5rocks.com,6
Sevyn Streeter,R&B/Soul,93370840,http://www.sevynstreeter.com/,0
Sanek,Hip-Hop/Rap,213841215,http://sanek4life.ru,0
Lindsey Erin,Country,174807871,http://www.LindseyErinOfficial.com,18
Kelvyn Colt,Hip-Hop/Rap,264723364,http://bysmusic.co.uk,0
Kree Harrison,Country,290265327,http://kreeharrisonofficial.com,6
London Grammar,Electronic,221961160,http://londongrammar.com,18
Stephanie Quayle,Country,218311525,http://stephaniequayle.com,6
Louy Fierce,Hip-Hop/Rap,225614787,http://www.louyfiercemerch.bigcartel.com,6
Chanel West Coast,West Coast Rap,66060687,http://Iamchanelwestcoast.com,0
Rixton,Pop/Rock,78164757,http://rixtonband.com/,6
Mickey Guyton,Country,256872335,http://www.mickeyguyton.com,18
MAGIC!,Pop/Rock,14679481,http://www.ournameismagic.com/,18
Young Fresh Da Don,Hip-Hop/Rap,227571408,http://www.youtube.com/theofficialfreshtv,0
KAOS777,Electronic,74661173,https://play.google.com/store/music/artist/KAOS777?id=Ahpad2xfrdbokla7tmrsjzwxbvu&hl=en,18
Mick Jenkins,Rap,245929967,http://mickjenkins.com/,6
NF,Hip-Hop/Rap,293070254,http://www.nfrealmusic.com/,0
Lucky Harmon,Pop,253875221,http://www.luckyharmon.net,0
Sam RUBIK,Hip-Hop/Rap,218437742,http://www.urnr.tv,18
Eric Van Houten,Country,279693174,http://www.ericvanhoutenmusic.com,0
Acelya,Pop,81317577,https://www.youtube.com/channel/UCjm2ocvIPqZT9g2l2MPrivg,6
presidential productions,Rap,197434399,http://www.datpiff.com/Presidential-Productions-The-Astronomical-Mixtape.731898.html,0
Aaron Neville,R&B/Soul,220689465,http://www.aaronneville.com,18
Against Me!,Rock,160932632,http://www.againstme.net/am.php,6
Al Green,R&B/Soul,297965770,http://www.algreen.com/,6
Arcade Fire,Alternative,141249138,http://www.arcadefire.com,6
Ben Harper,R&B/Soul,246901189,http://www.benharper.net/,6
Blur,Indie Rock,206963265,http://www.blur.co.uk/,18
Billy Idol,Punk,165516850,http://billyidol.net,18
Billy Joe Shaver,Country,65873181,http://www.billyjoeshaver.com/,18
Billy Ocean,Rock,46238886,http://www.godwinlema.co.tz,18
Black Stone Cherry,Southern Rock,86205944,http://blackstonecherry.com,6
Boz Scaggs,R&B/Soul,30753380,http://www.bozscaggs.com/,0
Brandi Carlile,Singer/Songwriter,47474908,http://www.brandicarlile.com,18
Brooke Hogan,Pop,227908494,http://www.myspace.com/brookehoganmusic,18
Bryan White,Country,152236717,http://www.delafont.com/music_acts/Bryan-White.htm,6
Burning Spear,Reggae,277015691,http://www.burningspear.net/,0
Candlebox,Rock,288374508,http://www.keepinyacandlebox.com/,18
Clipse,Hip-Hop/Rap,162837685,http://www.clipseonline.com/,0
Clay Aiken,Pop,19459534,http://www.clayaiken.com/,18
Club Nouveau,R&B/Soul,161746961,http://www.club nouveau.me ,18
Colton James,Contemporary Country,182518096,http://coltonjamesmusic.com,0
Cold War Kids,Alternative,274106677,http://www.coldwarkids.com,6
CONOR MAYNARD,Pop,128561285,http://us.conor-maynard.com,6
Daley,Neo-Soul,98415470,http://www.daley.tv,0
Crystal Bowersox,Americana,148465589,http://www.crystalbowersox.com,18
D'Angelo,R&B/Soul,231682365,http://www.okayplayer.com/dangelo/,0
Darren Hayes,Rock,68375724,http://www.darrenhayes.com,0
Dave Gahan,Rock,214241154,http://www.davegahan.com/,6
Deftones,Metal,134682507,http://www.deftones.com/,6
Dick Dale,Rock,164371953,http://www.dickdale.com/,6
Dream,Pop,144841660,http://www.thedreamsite.com/,0
Duke Ellington,Jazz,120563146,http://www.cmgww.com/music/ellington/intro.html,0
Ice Kid,R&B/Soul,115855134,http://danielkeys.ca,0
Edward Sharpe & the Magnetic Zeros,Indie Rock,189568752,http://edwardsharpeandthemagneticzeros.com,6
Chet Faker,Alternative,192605609,http://chetfaker.com/,6
Europe,Rock,264368545,http://www.europetheband.com,0
Fort Minor,Hip-Hop/Rap,137505994,http://www.fortminor.com/,0
Floyd Cramer,Country,266177751,http://www.countrymusichalloffame.com/inductees/floyd_cramer.html,0
Frank Zappa,Rock,226975488,http://www.zappa.com/,18
Gang Starr,Hip-Hop/Rap,258192256,http://www.gangstarronline.com/,0
Gary Morris,Country,294660646,http://www.garymorris.com/,0
Ginuwine,R&B/Soul,143524400,http://www.ginuwine.com,0
Gloriana,Country,166772008,http://www.gloriana.com,0
Godsmack,Hard Rock,185084309,http://www.godsmack.com,18
Good Charlotte,Rock,262250251,http://www.goodcharlotte.com/,6
Green River Ordinance,Alternative Country,202987852,http://www.greenriverordinance.com,0
Hank Cochran,Country,209040022,http://www.hankcochran.com/,0
Haley Reinhart,Pop,244217473,http://www.haleyreinhart.com,18
Hundred Waters,Indie Rock,36961439,http://www.hundred-waters.com,18
Hot Hot Heat,Rock,177220949,http://www.hothotheat.com/,6
Heather Headley,Soul,86234602,http://www.heatherheadley.com/,6
Helloween,Metal,3109918,http://www.helloween.org/,0
Hole,Rock,118419482,http://holemusic.com/,0
Hootie & the Blowfish,Rock,208845382,http://www.hootie.com/,6
Imran Khan,Folk-Rock,238604619,http://www.reverbnation.com/imrankhan7,0
Insane Clown Posse,Rock,180481114,http://www.insaneclownposse.com/,6
James,Alternative,161342818,http://www.jamestheband.com/,6
Jagged Edge,R&B/Soul,233669898,http://www.jeheartbreak.com,0
Jason Isbell,Americana,254973662,http://www.jasonisbell.com,0
JB and the Moonshine Band,Alternative Country,193978689,http://www.JBandtheMoonshineBand.com,0
Jerry Lee Lewis,Rock,293412268,http://www.jerryleelewis.com,18
Joan Jett,Rock,85506721,http://www.joanjett.com/,0
John Lennon,Rock,247571242,http://www.miramax-aharddaysnight.com/,18
Joni Mitchell,Blues/Folk,293000332,http://www.jonimitchell.com/,18
Juice Newton,Country,237539273,http://www.juicenewton.com/,0
Josh Groban,Modern Composition,286771922,http://joshgroban.com,6
Julian Casablancas,Alternative,244723671,http://www.juliancasablancas.com/,18
Juliette and the Licks,Rock,63888471,http://www.julietteandthelicks.com/,18
Judas Priest,Metal,41351550,http://judaspriest.com/,6
Kathleen Edwards,Blues/Folk,259548254,http://www.kathleen-edwards.com/,0
Kajagoogoo,Alternative,238626728,http://www.kajagoogoo.com/,18
Kim Wilde,Pop,71036015,http://www.kimwilde.com/en/biography.html,18
King Harvest,Pop/Rock,252699778,http://www.reverbnation.com/kingharvest,6
KMFDM,Rock,17987559,http://www.KMFDM.NET,6
Lee Greenwood,Country,24275674,http://www.leegreenwood.com,0
