876,MICHAEL,HENSCH,30
949,JAMES,KINS,75
1022,JOHN,BREITINGER,96
1095,ROBERT,KIRKBRIDE,54
1168,DAVID,DEMIAN,19
1241,WILLIAM,TOLO,21
1314,MARY,POSTEN,77
1387,CHRISTOPHER,BROCKMEYER,63
1460,JOSEPH,DILDAY,17
1533,RICHARD,TAK,36
1606,DANIEL,CESARE,83
1679,THOMAS,SARTIN,55
1752,MATTHEW,METTLACH,65
1825,JENNIFER,FELIPE,62
1898,CHARLES,LAVERN,59
1971,ANTHONY,STOLARIK,72
2044,PATRICIA,YELLOWHAIR,34
2117,LINDA,CAYER,67
2190,MARK,FANTASIA,20
2263,ELIZABETH,BOKER,34
2336,JOSHUA,ZABAT,48
2409,STEVEN,SALKIN,68
2482,ANDREW,KHOSLA,28
2555,KEVIN,MCARTHUR,14
2628,BRIAN,MCELLEN,48
2701,BARBARA,JOVANOVSKI,65
2774,JESSICA,KANABLE,20
2847,JASON,GHOLSTON,71
2920,SUSAN,NOCAR,93
2993,TIMOTHY,KLAUSMEIER,71
3066,PAUL,KNOUS,32
3139,KENNETH,RATKOVIC,43
3212,LISA,FLOETER,72
3285,RYAN,SHUN,32
3358,SARAH,GUPPY,28
3431,KAREN,ENTRUP,50
3504,JEFFREY,CAMPHOR,47
3577,DONALD,MEDLEY,76
3650,ASHLEY,HELFENSTEIN,63
3723,ERIC,LOFASO,65
3796,JACOB,EX,56
3869,NICHOLAS,HERRALD,71
3942,JONATHAN,SLAMAN,56
4015,RONALD,WILLLIAMS,92
4088,MICHELLE,LYBROOK,68
4161,KIMBERLY,LANINGHAM,73
4234,NANCY,BODNAR,88
4307,JUSTIN,GILIBERTO,66
4380,SANDRA,HUNTWORK,98
4453,AMANDA,SEFFENS,75
4526,BRANDON,POLARD,82
4599,STEPHANIE,MYRUM,80
4672,EMILY,CICALESE,30
4745,MELISSA,TERSTEEG,32
4818,GARY,WADHWANI,83
4891,EDWARD,GEBBIE,76
4964,STEPHEN,NIKOLA,18
5037,SCOTT,ATTKISSON,14
5110,GEORGE,KAZIMI,44
5183,DONNA,MULLIN,74
5256,JOSE,MOTAMED,64
5329,REBECCA,VANZUIDEN,77
5402,DEBORAH,DESCOTEAUX,55
5475,LAURA,KIOLBASSA,80
5548,CYNTHIA,PRIJATEL,30
5621,CAROL,OVERHOFF,68
5694,AMY,SALADINO,19
5767,MARGARET,GESINGER,80
5840,GREGORY,HOVORKA,53
5913,SHARON,MILDEN,95
5986,LARRY,ARMANTROUT,90
6059,ANGELA,REKART,29
6132,MARIA,RUCKMAN,35
6205,ALEXANDER,SJERVEN,42
6278,BENJAMIN,BARKER,25
6351,NICOLE,ROBICH,35
6424,KATHLEEN,TECKENBROCK,61
6497,PATRICK,BOIE,28
6570,SAMANTHA,DESTA,53
6643,TYLER,SIXTO,21
6716,SAMUEL,FORAL,57
6789,BETTY,SENSENIG,60
6862,BRENDA,LUKOFF,62
6935,PAMELA,ZEID,73
7008,AARON,MARANAN,33
7081,KELLY,PALMINTERI,92
7154,HEATHER,TOLSTON,18
7227,RACHEL,LUBETKIN,62
7300,ADAM,JILKA,16
7373,CHRISTINE,MITTLEMAN,81
7446,ZACHARY,MCGLOTHAN,79
7519,DEBRA,REASNER,98
7592,KATHERINE,NGUYENLE,64
7665,DENNIS,AVIV,68
7738,NATHAN,ANAGNOS,19
7811,CHRISTINA,LORICK,82
7884,JULIE,KIBLINGER,17
7957,JORDAN,LYLES,99
8030,KYLE,ROSINSKI,63
8103,ANNA,TISCIONE,67
8176,MICHAEL,PADDIO,80
8249,JAMES,CHERIPKA,61
8322,JOHN,RICHY,70
8395,ROBERT,DAGHLIAN,48
8468,DAVID,CHUONG,66
8541,WILLIAM,GRAMIGNA,32
8614,MARY,CLARAHAN,30
8687,CHRISTOPHER,BUKOWSKY,89
8760,JOSEPH,MIS,19
8833,RICHARD,PITON,83
8906,DANIEL,REEDS,26
8979,THOMAS,DORNBACH,61
9052,MATTHEW,HORDEN,81
9125,JENNIFER,HEIMKE,53
9198,CHARLES,OSSANNA,50
9271,ANTHONY,GAMBEL,16
9344,PATRICIA,VANDERWERKEN,42
9417,LINDA,LORTON,77
9490,MARK,SCIARINI,97
9563,ELIZABETH,CERCHIO,43
9636,JOSHUA,MESICH,56
9709,STEVEN,SPOONEMORE,82
9782,ANDREW,GOLDIE,64
9855,KEVIN,BETHERS,63
9928,BRIAN,SPECIALE,20
10001,BARBARA,KONON,61
10074,JESSICA,MATZELLE,89
10147,JASON,KNASTER,57
10220,SUSAN,JASKULA,94
10293,TIMOTHY,RIEVLEY,72
10366,PAUL,LINZAY,29
10439,KENNETH,KRAKORA,32
10512,LISA,BOWERBANK,58
10585,RYAN,KOPCHINSKI,93
10658,SARAH,LASS,63
10731,KAREN,SCUDDER,47
10804,JEFFREY,FETZKO,82
10877,DONALD,TELESZ,40
10950,ASHLEY,BRAMMER,94
11023,ERIC,WINIKOFF,94
11096,JACOB,STAGNO,67
11169,NICHOLAS,HONN,45
11242,JONATHAN,SKOUSEN,26
11315,RONALD,SUSOR,93
11388,MICHELLE,GRAUBARD,67
11461,KIMBERLY,JENISCH,32
11534,NANCY,WARNECKE,34
11607,JUSTIN,ESTERMAN,84
11680,SANDRA,LINDBERG,24
11753,AMANDA,DUEA,63
11826,BRANDON,MAXAM,98
11899,STEPHANIE,SUMEREL,54
11972,EMILY,CHITTUM,61
12045,MELISSA,KEITEL,32
12118,GARY,ABDULHAMID,16
12191,EDWARD,GAUNCE,50
12264,STEPHEN,SCANTLING,39
12337,SCOTT,PRESKE,58
12410,GEORGE,OROARK,57
12483,DONNA,ENDLICH,35
12556,JOSE,MUNDIE,63
12629,REBECCA,ABTAHI,46
12702,DEBORAH,DOUGE,72
12775,LAURA,CRISANTO,30
12848,CYNTHIA,SCHULENBURG,15
12921,CAROL,SHOUTZ,99
12994,AMY,GUHR,89
13067,MARGARET,SANDWITH,53
13140,GREGORY,COSTO,91
13213,SHARON,BEX,96
13286,LARRY,ZANDBERGEN,79
13359,ANGELA,GRABO,58
13432,MARIA,TAKAMATSU,35
13505,ALEXANDER,VINLUAN,80
13578,BENJAMIN,PEKER,75
13651,NICOLE,WESTWOOD,92
13724,KATHLEEN,KITOWSKI,20
13797,PATRICK,HOBBIE,93
13870,SAMANTHA,BANG,41
13943,TYLER,HOMBURG,49
14016,SAMUEL,HOLLCRAFT,82
14089,BETTY,HOOKANO,16
14162,BRENDA,RIDLON,55
14235,PAMELA,KRISTENSON,96
14308,AARON,BURNAU,98
14381,KELLY,MAJKUT,48
14454,HEATHER,SELKEN,92
14527,RACHEL,JUSTIN,21
14600,ADAM,BELLESTRI,47
14673,CHRISTINE,GRAEB,40
14746,ZACHARY,LETHBRIDGE,40
14819,DEBRA,GOVIA,90
14892,KATHERINE,BROOKSHAW,34
14965,DENNIS,CHARRY,95
15038,NATHAN,DEGRAEVE,46
15111,CHRISTINA,TYUS,51
15184,JULIE,GEORGIO,55
15257,JORDAN,PERCH,84
15330,KYLE,CAPLEY,30
15403,ANNA,GUTCHESS,44
15476,MICHAEL,WHITCOMB,76
15549,JAMES,MARCH,26
15622,JOHN,PRAYER,15
15695,ROBERT,MANDLE,60
15768,DAVID,MCCLAINE,33
15841,WILLIAM,TREACY,73
15914,MARY,STITZLEIN,51
15987,CHRISTOPHER,PELLAS,22
16060,JOSEPH,BURGESS,60
16133,RICHARD,SEMAN,19
16206,DANIEL,TEAFF,93
16279,THOMAS,FUNDINGSLAND,65
16352,MATTHEW,DEBARROS,89
16425,JENNIFER,COOTES,92
16498,CHARLES,ARIF,61
16571,ANTHONY,MCCURE,14
16644,PATRICIA,FABILA,69
16717,LINDA,MUCKENHIRN,64
16790,MARK,TRANTOW,65
16863,ELIZABETH,MCGLAUFLIN,14
16936,JOSHUA,EXTINE,36
17009,STEVEN,SANCHEZPEREZ,70
17082,ANDREW,LIPITZ,31
17155,KEVIN,TUTRONE,90
17228,BRIAN,COLOMBI,62
17301,BARBARA,MEDOW,80
17374,JESSICA,BETTIE,57
17447,JASON,SCHEERER,69
17520,SUSAN,OKOLIE,81
17593,TIMOTHY,BRAMLETT,75
17666,PAUL,PURSELLEY,21
17739,KENNETH,EPLEE,79
17812,LISA,LOCHMAN,90
17885,RYAN,HULSTINE,97
17958,SARAH,DUFFIELD,25
18031,KAREN,NIDEVER,37
18104,JEFFREY,MADDLE,81
18177,DONALD,LEHNER,61
18250,ASHLEY,MOMPOINT,18
18323,ERIC,WIESENFELD,78
18396,JACOB,BUSTETTER,93
18469,NICHOLAS,SAMPEDRO,40
18542,JONATHAN,FILLION,18
18615,RONALD,LOMAURO,29
18688,MICHELLE,MOGLIA,48
18761,KIMBERLY,RATSAVONG,45
18834,NANCY,PALD,37
18907,JUSTIN,RESS,43
18980,SANDRA,DOHME,83
19053,AMANDA,FUHRMEISTER,73
19126,BRANDON,FRASHIER,85
19199,STEPHANIE,DALIN,42
19272,EMILY,KALISTA,75
19345,MELISSA,NITCHIE,44
19418,GARY,GATHMAN,88
19491,EDWARD,BESSETT,77
19564,STEPHEN,BALISTRERI,41
19637,SCOTT,REBISCHKE,40
19710,GEORGE,NEEDS,92
19783,DONNA,SAVIERS,30
19856,JOSE,OGANESYAN,69
19929,REBECCA,HINK,56
20002,DEBORAH,BENTS,31
20075,LAURA,HANDLIN,32
20148,CYNTHIA,ROLFES,68
20221,CAROL,LUNAK,53
20294,AMY,STRUBINGER,52
20367,MARGARET,DICKISON,40
20440,GREGORY,FRATTAROLI,61
20513,SHARON,WEIGT,22
20586,LARRY,KROH,98
20659,ANGELA,GASPAROVIC,97
20732,MARIA,STAHR,15
20805,ALEXANDER,GAUSTAD,32
20878,BENJAMIN,HOLDCRAFT,77
20951,NICOLE,COLOMBE,79
21024,KATHLEEN,CIARAMELLO,32
21097,PATRICK,CRUZSANCHEZ,68
21170,SAMANTHA,KONECKI,83
21243,TYLER,KATSURA,25
21316,SAMUEL,HOLAPPA,99
21389,BETTY,BINNER,76
21462,BRENDA,KOTECHA,46
21535,PAMELA,LUKOWSKI,36
21608,AARON,MANDEL,57
21681,KELLY,VILLWOCK,57
21754,HEATHER,STENZ,97
21827,RACHEL,RIHEL,74
21900,ADAM,HUDON,42
21973,CHRISTINE,BARNACK,60
22046,ZACHARY,BURLINGHAM,37
22119,DEBRA,HOFFARD,70
22192,KATHERINE,FEARRINGTON,78
22265,DENNIS,BIGNELL,22
22338,NATHAN,NEKOLA,47
22411,CHRISTINA,TLAPANCO,61
22484,JULIE,BARRENECHEA,50
22557,JORDAN,SCHLUPP,53
22630,KYLE,HARITON,38
22703,ANNA,SELPH,24
22776,MICHAEL,BARZEE,51
22849,JAMES,GEFRE,87
22922,JOHN,MATTER,19
22995,ROBERT,CROMACK,16
23068,DAVID,KLENNERT,81
23141,WILLIAM,NANDLAL,91
23214,MARY,DREBENSTEDT,27
23287,CHRISTOPHER,BADIA,19
23360,JOSEPH,ROTHERMICH,66
23433,RICHARD,PIRZADEH,68
23506,DANIEL,AMO,98
23579,THOMAS,CONSTANCE,56
23652,MATTHEW,MODOCK,56
23725,JENNIFER,ANGILLETTA,92
23798,CHARLES,ALMES,80
23871,ANTHONY,WENTE,46
23944,PATRICIA,GILLI,24
24017,LINDA,UMPHREY,30
24090,MARK,GEBBEN,51
24163,ELIZABETH,OLMEDA,66
24236,JOSHUA,STASCHKE,24
24309,STEVEN,DENNING,97
24382,ANDREW,HATCHARD,69
24455,KEVIN,CONSTAS,21
24528,BRIAN,SPIDELL,54
24601,BARBARA,MONTEMAGNO,94
24674,JESSICA,BURGARD,84
24747,JASON,MORIS,16
24820,SUSAN,EGGERSON,14
24893,TIMOTHY,STACKMAN,43
24966,PAUL,HILLEBRECHT,69
25039,KENNETH,POLTORAK,64
25112,LISA,RUCKEL,26
25185,RYAN,SHARLAND,30
25258,SARAH,MACIOCH,39
25331,KAREN,MATIONG,36
25404,JEFFREY,GUARDIOLA,30
25477,DONALD,CRUZREYES,24
25550,ASHLEY,MOTTES,85
25623,ERIC,ALLIGOOD,55
25696,JACOB,HELLMUND,91
25769,NICHOLAS,WILLETO,18
25842,JONATHAN,KONOWITZ,41
25915,RONALD,LEYVAS,37
25988,MICHELLE,TRIMBERGER,80
26061,KIMBERLY,DUFFETT,84
26134,NANCY,ROUHIER,73
26207,JUSTIN,WINTERRINGER,59
26280,SANDRA,STEFANOFF,41
26353,AMANDA,MCALPIN,46
26426,BRANDON,FALTESEK,74
26499,STEPHANIE,GOSLEE,24
26572,EMILY,LITZAU,55
26645,MELISSA,GOUIN,83
26718,GARY,BORRESON,37
26791,EDWARD,TESFAY,62
26864,STEPHEN,RACKE,51
26937,SCOTT,DEVALERIO,62
27010,GEORGE,KRINKE,87
27083,DONNA,MATVEY,69
27156,JOSE,MINTS,61
27229,REBECCA,MASTROSIMONE,65
27302,DEBORAH,CANTONI,94
27375,LAURA,LOCKREY,84
27448,CYNTHIA,DULLA,89
27521,CAROL,TALMAN,24
27594,AMY,SAHU,75
27667,MARGARET,BALDRICA,52
27740,GREGORY,STRANDT,98
27813,SHARON,BALLESTERO,58
27886,LARRY,BULTHUIS,87
27959,ANGELA,SCRIVNER,26
28032,MARIA,JIMENIZ,85
28105,ALEXANDER,BRENS,34
28178,BENJAMIN,LACEY,71
28251,NICOLE,AHMETAJ,68
28324,KATHLEEN,BARRIAL,16
28397,PATRICK,GILLIAM,82
28470,SAMANTHA,DEVRIES,57
28543,TYLER,CYRIL,60
28616,SAMUEL,MCDOWN,66
28689,BETTY,DENNERY,17
28762,BRENDA,CAMPANILE,95
28835,PAMELA,MARTINAGE,47
28908,AARON,FIASCO,97
28981,KELLY,SPERDUTO,63
29054,HEATHER,MARGETTS,51
29127,RACHEL,STRATING,17
29200,ADAM,SON,49
29273,CHRISTINE,LEDDON,29
29346,ZACHARY,HOGEL,88
29419,DEBRA,MANITTA,79
29492,KATHERINE,KAWABE,53
29565,DENNIS,STREED,18
29638,NATHAN,BEJA,75
29711,CHRISTINA,CORSBIE,60
29784,JULIE,VENNEMANN,49
29857,JORDAN,COUDRON,70
29930,KYLE,BOSER,27
30003,ANNA,PICHOFF,96
30076,MICHAEL,LANIADO,70
30149,JAMES,BOSNAK,20
30222,JOHN,MIYAZAKI,14
30295,ROBERT,RODICH,77
30368,DAVID,PAINE,73
30441,WILLIAM,KENITZ,70
30514,MARY,BOORTZ,38
30587,CHRISTOPHER,SHAMLEY,74
30660,JOSEPH,MICKIEWICZ,72
30733,RICHARD,BUCCOLA,97
30806,DANIEL,WALTMIRE,86
30879,THOMAS,TWILLA,41
30952,MATTHEW,HERMANS,18
31025,JENNIFER,SCARCE,47
31098,CHARLES,ARCIA,37
31171,ANTHONY,JELLIFF,23
31244,PATRICIA,KIESLING,28
31317,LINDA,GEERLING,77
31390,MARK,KELKENBERG,97
31463,ELIZABETH,REDICAN,84
31536,JOSHUA,MANZUR,79
31609,STEVEN,JOWETT,90
31682,ANDREW,LOBACH,15
31755,KEVIN,AMEZQUITA,87
31828,BRIAN,DARYANI,84
31901,BARBARA,SCOVELL,76
31974,JESSICA,ZIVKOVIC,64
32047,JASON,WALZ,83
32120,SUSAN,HOLBORN,66
32193,TIMOTHY,KAZI,47
32266,PAUL,LOSITO,15
32339,KENNETH,LAROCK,30
32412,LISA,LEVERTY,74
32485,RYAN,WONDER,80
32558,SARAH,BOURNIAS,85
32631,KAREN,LUBECK,41
32704,JEFFREY,CARILLO,29
32777,DONALD,BERRIDGE,83
32850,ASHLEY,WOYTOWICH,57
32923,ERIC,CATTOOR,99
32996,JACOB,EBLEN,16
33069,NICHOLAS,CRATON,52
33142,JONATHAN,VANARTSDALEN,25
33215,RONALD,HELL,40
33288,MICHELLE,LEITMAN,43
33361,KIMBERLY,WELKA,49
33434,NANCY,BORZA,27
33507,JUSTIN,KRAUSER,46
33580,SANDRA,SCHVANEVELDT,35
33653,AMANDA,HARJUNG,71
33726,BRANDON,WERNSMAN,57
33799,STEPHANIE,SZELES,39
33872,EMILY,ASP,62
33945,MELISSA,RYDHOLM,18
34018,GARY,UGALDE,77
34091,EDWARD,COURTLAND,37
34164,STEPHEN,CALDERO,59
34237,SCOTT,MEINEN,34
34310,GEORGE,GARBRANDT,14
34383,DONNA,MELEN,94
34456,JOSE,KEMMLER,25
34529,REBECCA,SIRMAN,44
34602,DEBORAH,DERISI,25
34675,LAURA,TARASENKO,18
34748,CYNTHIA,GRANNAN,32
34821,CAROL,HOLAK,31
34894,AMY,LATEEF,68
34967,MARGARET,KRENZKE,66
35040,GREGORY,PRASAD,98
35113,SHARON,SCHELLHARDT,76
35186,LARRY,OPPONG,72
35259,ANGELA,BALDYGA,15
35332,MARIA,SMEETS,17
35405,ALEXANDER,STRAWHUN,32
35478,BENJAMIN,ROSMAN,69
35551,NICOLE,CADRIN,36
35624,KATHLEEN,GUERERRI,86
35697,PATRICK,PAGACH,28
35770,SAMANTHA,GAYNER,48
35843,TYLER,FERNAN,88
35916,SAMUEL,IGIELSKI,49
35989,BETTY,HORRALL,79
36062,BRENDA,LAURETANO,51
36135,PAMELA,WHITTLER,64
36208,AARON,HARTSELLE,90
36281,KELLY,MARA,87
36354,HEATHER,KEAHI,53
36427,RACHEL,WENDLER,41
36500,ADAM,OYOQUE,68
36573,CHRISTINE,ZARDA,58
36646,ZACHARY,SCHIPKE,64
36719,DEBRA,LABONNE,73
36792,KATHERINE,AJDARI,91
36865,DENNIS,GAFFRON,22
36938,NATHAN,MCCALIP,51
37011,CHRISTINA,CITRON,93
37084,JULIE,STRIANESE,44
37157,JORDAN,SLAMIN,68
37230,KYLE,MOHANTY,23
37303,ANNA,BRESSI,85
37376,MICHAEL,LADENBURGER,86
37449,JAMES,HOLOWATY,87
37522,JOHN,JONET,22
37595,ROBERT,RONDAN,92
37668,DAVID,SIMION,69
37741,WILLIAM,FRATANGELO,63
37814,MARY,MCCOARD,72
37887,CHRISTOPHER,CENTRA,28
37960,JOSEPH,HENNIS,90
38033,RICHARD,ENGEL,52
38106,DANIEL,PERONA,24
38179,THOMAS,VORIES,36
38252,MATTHEW,STALL,55
38325,JENNIFER,CANINO,38
38398,CHARLES,WINOGRAD,97
38471,ANTHONY,MOCZYNSKI,49
38544,PATRICIA,RAIMOND,58
38617,LINDA,OBERTO,14
38690,MARK,DEWOLF,82
38763,ELIZABETH,KOUBEK,75
38836,JOSHUA,PRENTICE,47
38909,STEVEN,STAFFELDT,17
38982,ANDREW,GIAMALVA,68
39055,KEVIN,FOERTSCH,34
39128,BRIAN,GERKE,66
39201,BARBARA,BALLHAGEN,91
39274,JESSICA,SERRATORE,75
39347,JASON,UNGUREANU,39
39420,SUSAN,CONNER,93
39493,TIMOTHY,TRABAL,77
39566,PAUL,KORBY,76
39639,KENNETH,ZASTERA,96
39712,LISA,TARANTO,63
39785,RYAN,CESARI,23
39858,SARAH,TRAFFANSTEDT,73
39931,KAREN,QUEBBEMAN,87
40004,JEFFREY,PERLSTEIN,68
40077,DONALD,PANZECA,54
40150,ASHLEY,AUBOURG,98
40223,ERIC,KUCHER,79
40296,JACOB,SMITHSON,99
40369,NICHOLAS,DIGUISEPPE,63
40442,JONATHAN,RAWIE,63
40515,RONALD,BOLISH,20
40588,MICHELLE,GUMIENNY,58
40661,KIMBERLY,KLEMPNER,87
40734,NANCY,DEBARDELABEN,45
40807,JUSTIN,MURAR,58
40880,SANDRA,CANODY,55
40953,AMANDA,KITTAY,36
41026,BRANDON,DIRKES,40
41099,STEPHANIE,COLECCHIA,39
41172,EMILY,RETALLICK,41
41245,MELISSA,CHRIETZBERG,67
41318,GARY,CUE,67
41391,EDWARD,GOGINENI,22
41464,STEPHEN,BEAULAURIER,79
41537,SCOTT,TUKEY,81
41610,GEORGE,BIALAS,34
41683,DONNA,OELERICH,26
41756,JOSE,ESCOBIO,91
41829,REBECCA,HUGGER,84
41902,DEBORAH,CLINEFELTER,19
41975,LAURA,BURGBACHER,18
42048,CYNTHIA,BRAATHEN,21
42121,CAROL,MAMIYE,58
42194,AMY,EVANGELISTI,69
42267,MARGARET,MOOSE,34
42340,GREGORY,TOMASKOVIC,25
42413,SHARON,PERINE,75
42486,LARRY,PENALOZA,58
42559,ANGELA,KABACK,37
42632,MARIA,AMRINE,16
42705,ALEXANDER,BEDINI,60
42778,BENJAMIN,KLAN,94
42851,NICOLE,CIOCH,54
42924,KATHLEEN,NEMBHARD,40
42997,PATRICK,ANTIS,99
43070,SAMANTHA,KUBECZKA,46
43143,TYLER,LINSE,22
43216,SAMUEL,CAMPOZANO,54
43289,BETTY,REPETTI,26
43362,BRENDA,POMPILI,40
43435,PAMELA,SHARRAH,98
43508,AARON,BUENCAMINO,54
43581,KELLY,LOVULLO,16
43654,HEATHER,STALTER,22
43727,RACHEL,BAYAT,67
43800,ADAM,DESARRO,46
43873,CHRISTINE,SANBORN,20
43946,ZACHARY,BURDOCK,65
44019,DEBRA,EXENDINE,31
44092,KATHERINE,WITHERINGTON,57
44165,DENNIS,KALLOS,87
44238,NATHAN,CAVA,86
44311,CHRISTINA,KARAFA,49
44384,JULIE,NAJM,85
44457,JORDAN,STAHLEY,58
44530,KYLE,LURCH,25
44603,ANNA,KINDERMAN,38
44676,MICHAEL,VIELA,45
44749,JAMES,REDINGER,29
44822,JOHN,BAJOREK,32
44895,ROBERT,DINGLE,38
44968,DAVID,BASA,70
45041,WILLIAM,DUIS,17
45114,MARY,MCZEAL,34
45187,CHRISTOPHER,MASIEL,17
45260,JOSEPH,HALYARD,64
45333,RICHARD,BARISO,26
45406,DANIEL,WOODBERRY,78
45479,THOMAS,COLORADO,39
45552,MATTHEW,BUKOVSKY,45
45625,JENNIFER,SYMER,37
45698,CHARLES,COULSON,55
45771,ANTHONY,NIKAS,62
45844,PATRICIA,BESANCON,42
45917,LINDA,DIRKSE,90
45990,MARK,BAREFIELD,86
46063,ELIZABETH,BRINT,95
46136,JOSHUA,CARDOT,77
46209,STEVEN,CEBRERO,70
46282,ANDREW,MAEHL,56
46355,KEVIN,REDHOUSE,86
46428,BRIAN,MOOTZ,87
46501,BARBARA,SITTON,14
46574,JESSICA,KORFF,24
46647,JASON,TOMER,20
46720,SUSAN,HARBAGE,56
46793,TIMOTHY,PAULDO,59
46866,PAUL,GUBBINS,49
46939,KENNETH,DZIEWIOR,62
47012,LISA,LABELLE,38
47085,RYAN,BIERBOWER,45
47158,SARAH,JENKE,57
47231,KAREN,CAMEL,52
47304,JEFFREY,BREITSTEIN,36
47377,DONALD,WYNALDA,98
47450,ASHLEY,NEWHART,86
47523,ERIC,GARRITT,40
47596,JACOB,KRYDER,74
47669,NICHOLAS,PINKHASOVA,18
47742,JONATHAN,MANTELLO,77
47815,RONALD,OLGREN,68
47888,MICHELLE,PHANN,46
47961,KIMBERLY,HURREN,99
48034,NANCY,LEBARRE,33
48107,JUSTIN,APOSHIAN,82
48180,SANDRA,GRATTON,57
48253,AMANDA,KIRCHGESSNER,32
48326,BRANDON,ROADCAP,33
48399,STEPHANIE,DIENHART,30
48472,EMILY,VANDIVORT,55
48545,MELISSA,FRYAR,63
48618,GARY,RUEF,50
48691,EDWARD,BELCH,15
48764,STEPHEN,LASHMET,71
48837,SCOTT,MORENTE,24
48910,GEORGE,SAFARYAN,71
48983,DONNA,GOMPF,90
49056,JOSE,DEGREEN,23
49129,REBECCA,LAPERNA,41
49202,DEBORAH,PAGUAGA,44
49275,LAURA,FADE,71
49348,CYNTHIA,ROTHERING,77
49421,CAROL,STUER,53
49494,AMY,ULIS,16
49567,MARGARET,CARDERON,15
49640,GREGORY,BELTRANI,67
49713,SHARON,LETHER,36
49786,LARRY,HOOPER,67
49859,ANGELA,MANESS,51
49932,MARIA,LABON,87
50005,ALEXANDER,STUDER,40
50078,BENJAMIN,POPOLA,88
50151,NICOLE,KEISTLER,69
50224,KATHLEEN,ILARDO,30
50297,PATRICK,COLEHOUR,96
50370,SAMANTHA,BERTWELL,99
50443,TYLER,HIU,46
50516,SAMUEL,ALEEM,61
50589,BETTY,REGISTE,30
50662,BRENDA,NISHIYAMA,39
50735,PAMELA,STEBENS,99
50808,AARON,KNICK,53
50881,KELLY,SCHAEDIG,15
50954,HEATHER,POLS,46
51027,RACHEL,CARBUCCIA,50
51100,ADAM,SHOEMO,87
51173,CHRISTINE,MERRYWEATHER,22
51246,ZACHARY,FLAD,92
51319,DEBRA,CAVIS,17
51392,KATHERINE,COOLER,44
51465,DENNIS,HAAKENSON,84
51538,NATHAN,BAUL,18
51611,CHRISTINA,CHOAT,94
51684,JULIE,RATHJENS,47
51757,JORDAN,GREZLIK,33
51830,KYLE,CRACKEL,85
51903,ANNA,KROELLS,52
51976,MICHAEL,BABA,21
52049,JAMES,TOOTELL,70
52122,JOHN,MONIER,59
52195,ROBERT,FAVIS,19
52268,DAVID,DECECCO,58
52341,WILLIAM,BUCCAT,35
52414,MARY,FEZZA,38
52487,CHRISTOPHER,TEEPLES,91
52560,JOSEPH,MOLLNER,45
52633,RICHARD,WHERLEY,17
52706,DANIEL,OBERLOH,52
52779,THOMAS,HIMMLER,49
52852,MATTHEW,SAMBATARO,80
52925,JENNIFER,BOOTEN,49
52998,CHARLES,MCCUMSEY,58
53071,ANTHONY,ONIK,23
53144,PATRICIA,SHANTY,27
53217,LINDA,DELLOSTRITTO,58
53290,MARK,LAFARY,38
53363,ELIZABETH,HEFFINGTON,33
53436,JOSHUA,TIERSON,88
53509,STEVEN,QUAIL,65
53582,ANDREW,COZAD,49
53655,KEVIN,RUNYAN,54
53728,BRIAN,SNUFFER,79
53801,BARBARA,MENKEN,93
53874,JESSICA,CAROWAY,70
53947,JASON,TUFARO,48
54020,SUSAN,WRISTON,95
54093,TIMOTHY,SALAM,17
54166,PAUL,HERNLY,96
54239,KENNETH,CORSALE,52
54312,LISA,MALTESE,17
54385,RYAN,LAMPROS,40
54458,SARAH,LITSON,67
54531,KAREN,BOGGIS,57
54604,JEFFREY,JACUNSKI,19
54677,DONALD,MEOLI,18
54750,ASHLEY,ESCO,86
54823,ERIC,HENNIGAR,90
54896,JACOB,HALLAS,68
54969,NICHOLAS,ESTIMABLE,21
55042,JONATHAN,SIRLES,60
55115,RONALD,FINNER,30
55188,MICHELLE,ZAPANTA,14
55261,KIMBERLY,STAUDENMAIER,71
55334,NANCY,FACINELLI,43
55407,JUSTIN,LADAO,26
55480,SANDRA,DIFRANCO,82
55553,AMANDA,BENOY,69
55626,BRANDON,CANNAROZZI,66
55699,STEPHANIE,KNOEPFEL,82
55772,EMILY,COHORN,79
55845,MELISSA,KHANUM,46
55918,GARY,LERMOND,24
55991,EDWARD,BRETTELL,28
56064,STEPHEN,STRAUGHTER,37
56137,SCOTT,LANZI,53
56210,GEORGE,GABRILLO,54
56283,DONNA,OBRY,27
56356,JOSE,TORRE,27
56429,REBECCA,MENGARELLI,46
56502,DEBORAH,TOVALIN,76
56575,LAURA,BREVIK,47
56648,CYNTHIA,SAUAGE,45
56721,CAROL,DJOKIC,56
56794,AMY,BRANIN,14
56867,MARGARET,MYRVOLD,83
56940,GREGORY,SOUMPHOLPHAKDY,45
57013,SHARON,MCLERRAN,91
57086,LARRY,STAWASZ,34
57159,ANGELA,KUSCHE,79
57232,MARIA,RATZEL,28
57305,ALEXANDER,MONCLA,38
57378,BENJAMIN,SAUSE,54
57451,NICOLE,GIBES,27
57524,KATHLEEN,MASTNY,91
57597,PATRICK,HEWELT,90
57670,SAMANTHA,IMBRIALE,78
57743,TYLER,MAGATHAN,54
57816,SAMUEL,SANGHVI,26
57889,BETTY,ETTLING,92
57962,BRENDA,WASIELESKI,79
58035,PAMELA,CONTARDI,33
58108,AARON,KOK,86
58181,KELLY,DECILLIS,44
58254,HEATHER,RIGNEY,24
58327,RACHEL,GHALI,66
58400,ADAM,RADKIEWICZ,73
58473,CHRISTINE,SCHLEUTER,45
58546,ZACHARY,MCGROGAN,46
58619,DEBRA,PARASILITI,37
58692,KATHERINE,VANHEEST,44
58765,DENNIS,TREMEL,16
58838,NATHAN,BIALOBRZESKI,45
58911,CHRISTINA,DENNIES,49
58984,JULIE,SUCHMAN,65
59057,JORDAN,DENMAN,19
59130,KYLE,TODHUNTER,33
59203,ANNA,SMITHAM,49
59276,MICHAEL,MUEHLSTEIN,83
59349,JAMES,MAIONE,89
59422,JOHN,KLYCE,87
59495,ROBERT,KRETCHMER,92
59568,DAVID,TURNIS,80
59641,WILLIAM,KMOCH,86
59714,MARY,BOOMGARDEN,69
59787,CHRISTOPHER,BRIGHTMON,51
59860,JOSEPH,MAPP,18
59933,RICHARD,BOYANTON,68
60006,DANIEL,KAULBACK,88
60079,THOMAS,KLUN,76
60152,MATTHEW,TREI,19
60225,JENNIFER,ZAREMBSKI,70
60298,CHARLES,BRUMAGEN,99
60371,ANTHONY,HANIBLE,75
60444,PATRICIA,MOOTY,30
60517,LINDA,KAMEN,66
60590,MARK,SAMADI,66
60663,ELIZABETH,LOSSIAH,92
60736,JOSHUA,BINGGELI,77
60809,STEVEN,FURGIUELE,22
60882,ANDREW,BULLINS,80
60955,KEVIN,KEAN,54
61028,BRIAN,DANTAS,76
61101,BARBARA,REHOR,40
61174,JESSICA,LAVASSEUR,24
61247,JASON,SANGILLO,70
61320,SUSAN,DENNIG,40
61393,TIMOTHY,TRZNADEL,42
61466,PAUL,DICKRELL,52
61539,KENNETH,CLIMACO,91
61612,LISA,LENBERG,84
61685,RYAN,KRONINGER,16
61758,SARAH,WESOLOWSKI,93
61831,KAREN,PUMMER,14
61904,JEFFREY,POLA,82
61977,DONALD,SMERLING,39
62050,ASHLEY,DOPWELL,17
62123,ERIC,TANNERY,49
62196,JACOB,NYDAM,55
62269,NICHOLAS,OSTROOT,33
62342,JONATHAN,SOLIVEN,77
62415,RONALD,PISK,26
62488,MICHELLE,DOURA,86
62561,KIMBERLY,DEANDA,45
62634,NANCY,CALTAGIRONE,29
62707,JUSTIN,SHARRETTS,97
62780,SANDRA,RUDDUCK,89
62853,AMANDA,KOZUCH,45
62926,BRANDON,COLOSKY,15
62999,STEPHANIE,NEUBERT,90
63072,EMILY,TOMBLIN,19
63145,MELISSA,SHRECK,80
63218,GARY,MOLIK,99
63291,EDWARD,NOHAVA,74
63364,STEPHEN,FORBS,27
63437,SCOTT,AHLSWEDE,44
63510,GEORGE,MAYERSON,71
63583,DONNA,DARNEL,47
63656,JOSE,DYS,73
63729,REBECCA,BARRENA,17
63802,DEBORAH,SUHAR,26
63875,LAURA,LECHER,96
63948,CYNTHIA,HOMSY,38
64021,CAROL,CROSKEY,38
64094,AMY,RABAS,79
64167,MARGARET,PAMER,54
64240,GREGORY,WHTIE,50
64313,SHARON,BIRI,34
64386,LARRY,BRECH,22
64459,ANGELA,MARMOL,59
64532,MARIA,SALADA,27
64605,ALEXANDER,FENIX,33
64678,BENJAMIN,FENA,38
64751,NICOLE,BRIXIE,46
64824,KATHLEEN,DELLEA,47
64897,PATRICK,HANNO,59
64970,SAMANTHA,LOPES,99
65043,TYLER,BLICKLEY,33
65116,SAMUEL,PYATT,47
65189,BETTY,WHYBREW,43
65262,BRENDA,OSTIGUY,90
65335,PAMELA,BERDON,66
65408,AARON,BOUTHIETTE,15
65481,KELLY,ARYEE,89
65554,HEATHER,BLAHUT,50
65627,RACHEL,WELDY,77
65700,ADAM,GLODE,85
65773,CHRISTINE,ZOELLNER,57
65846,ZACHARY,BRIZAN,17
65919,DEBRA,KEELEN,22
65992,KATHERINE,FIEDOR,85
66065,DENNIS,SUGLIA,79
66138,NATHAN,TAMAKI,56
66211,CHRISTINA,TUMBLESTON,80
66284,JULIE,COULBOURNE,94
66357,JORDAN,SORAN,87
66430,KYLE,WELLMAN,14
66503,ANNA,SLUPSKI,18
66576,MICHAEL,BIRKETT,68
66649,JAMES,JERKE,28
66722,JOHN,WALDKIRCH,21
66795,ROBERT,CICHY,85
66868,DAVID,SCOCCO,74
66941,WILLIAM,RESH,77
67014,MARY,ARBAN,17
67087,CHRISTOPHER,NUNEMACHER,24
67160,JOSEPH,SUSAK,49
67233,RICHARD,HINDERKS,64
67306,DANIEL,TROFF,95
67379,THOMAS,HISSONG,65
67452,MATTHEW,ANGAROLA,72
67525,JENNIFER,BARDSLEY,60
67598,CHARLES,HARMEIER,87
67671,ANTHONY,SHIELS,61
67744,PATRICIA,LEAHEY,65
67817,LINDA,BOZEMAN,56
67890,MARK,HALFPENNY,97
67963,ELIZABETH,KUENNE,71
68036,JOSHUA,PIJANOWSKI,33
68109,STEVEN,COOTWARE,53
68182,ANDREW,MONFILS,62
68255,KEVIN,GRIMMINGER,80
68328,BRIAN,SMARGIASSI,43
68401,BARBARA,SUEDMEYER,20
68474,JESSICA,CHAFIN,97
68547,JASON,SHEW,28
68620,SUSAN,GANON,23
68693,TIMOTHY,KIESTLER,29
68766,PAUL,MANGINA,20
68839,KENNETH,BRANDANO,27
68912,LISA,PLANCHE,14
68985,RYAN,MCPHAUL,27
69058,SARAH,HAMOND,34
69131,KAREN,ZITZNER,87
69204,JEFFREY,VERACRUZ,39
69277,DONALD,GANDARIA,42
69350,ASHLEY,BISCARDI,70
69423,ERIC,KATTAN,62
69496,JACOB,HACKNEY,70
69569,NICHOLAS,MCEWING,75
69642,JONATHAN,JUERGENSEN,76
69715,RONALD,LIENAU,49
69788,MICHELLE,WISH,66
69861,KIMBERLY,DOLEN,75
69934,NANCY,YOQUELET,89
70007,JUSTIN,GAMBLES,64
70080,SANDRA,SUNDSTROM,82
70153,AMANDA,STRAUSE,41
70226,BRANDON,MOLO,55
70299,STEPHANIE,ROSENBACH,87
70372,EMILY,BEANES,78
70445,MELISSA,MUNTER,93
70518,GARY,ZAPIEN,45
70591,EDWARD,COURNEYA,29
70664,STEPHEN,MOSKOVICH,48
70737,SCOTT,AIWOHI,23
70810,GEORGE,SPIECKER,80
70883,DONNA,GAMBLES,34
70956,JOSE,BANKOS,16
71029,REBECCA,RUPPLE,89
71102,DEBORAH,HESHER,93
71175,LAURA,KENDEL,17
71248,CYNTHIA,SATTAZAHN,44
71321,CAROL,YOSHINO,94
71394,AMY,KIETA,81
71467,MARGARET,BRISBANE,36
71540,GREGORY,WOODERSON,42
71613,SHARON,WAZWAZ,64
71686,LARRY,VELASQUES,81
71759,ANGELA,TORABI,97
71832,MARIA,KAPRELIAN,43
71905,ALEXANDER,KUSNIERZ,82
71978,BENJAMIN,MELLERT,44
72051,NICOLE,RAMSBOTTOM,65
72124,KATHLEEN,ELWYN,24
72197,PATRICK,EVERNHAM,65
72270,SAMANTHA,DORNBERGER,96
72343,TYLER,MARRIER,74
72416,SAMUEL,USSIN,56
72489,BETTY,AFMAN,17
72562,BRENDA,SCHILT,35
72635,PAMELA,HUEHN,78
72708,AARON,COBUZZI,71
72781,KELLY,BAISA,55
72854,HEATHER,VORDERSTRASSE,31
72927,RACHEL,WINDLE,56
73000,ADAM,POMPOSELLI,55
73073,CHRISTINE,WOEMPNER,95
73146,ZACHARY,PORTAS,79
73219,DEBRA,RHODD,95
73292,KATHERINE,VIDELL,18
73365,DENNIS,HOPKO,80
73438,NATHAN,WOOLNER,15
73511,CHRISTINA,SEPTIMUS,33
73584,JULIE,BUNKERS,63
73657,JORDAN,DELLAPENTA,44
73730,KYLE,LAABS,59
73803,ANNA,CODUTO,21
